{"Display Name Change": [{"Date": "2021-02-20 20:33:12 UTC", "Display Name": "Unknow Tthe Battalion"}, {"Date": "2020-11-08 13:00:15 UTC", "Display Name": ". Baptiste"}, {"Date": "2020-09-29 15:19:47 UTC", "Display Name": ". Baptiste"}, {"Date": "2020-09-26 19:24:05 UTC", "Display Name": "Le Pote A Estebananasplit"}, {"Date": "2020-09-22 18:49:39 UTC", "Display Name": ". Baptiste"}, {"Date": "2020-08-20 21:24:25 UTC", "Display Name": "Baptiste ."}, {"Date": "2020-08-08 09:12:09 UTC", "Display Name": "Baptiste Rime Avec Terroriste"}, {"Date": "2020-05-03 09:43:33 UTC", "Display Name": "Wallah Je Suis Pas Baptiste"}, {"Date": "2020-01-24 14:20:19 UTC", "Display Name": "Baptiste Dlubak"}], "Email Change": [{"Date": "2021-03-02 08:57:57 UTC", "Email Address": "baptiste.dlubak@gmail.com"}, {"Date": "2021-03-02 08:57:33 UTC", "Email Address": "baptiste.dlubak@gmail.com"}], "Mobile Number Change": [{"Date": "2020-02-01 07:59:57 UTC", "Mobile Number": "+33610158349"}, {"Date": "2020-01-25 19:25:08 UTC", "Mobile Number": "Removed"}, {"Date": "2020-01-24 14:20:53 UTC", "Mobile Number": "+33610158349"}], "Password Change": [], "Snapchat Linked to Bitmoji": [], "Spectacles": [], "Two-Factor Authentication": [], "Account deactivated / reactivated": []}