{"Friends": [{"Username": "sswag65", "Display Name": "Henry \ud83d\ude44\ud83d\ude02\ud83d\ude4f"}, {"Username": "georges-thomas", "Display Name": ".Thomas"}, {"Username": "leonie_boul2020", "Display Name": ""}, {"Username": "liaagostini2020", "Display Name": "\ud83c\udf41lia\ud83c\udf41"}, {"Username": "trolleur8", "Display Name": "Romain. Caugnon"}, {"Username": "ycousin72", "Display Name": "Yanis Cousin"}, {"Username": "dlagrange49", "Display Name": ".Leane\ud83d\udc09"}, {"Username": "leeloocts", "Display Name": ".Leeloo \ud83e\udd8b"}, {"Username": "cristina_prt", "Display Name": ".Cristina\ud83e\udd0d"}, {"Username": "constancev2006", "Display Name": ".Constance"}, {"Username": "rose_mrr", "Display Name": "Lardon \ud83d\udc3d"}, {"Username": "hamidou3276", "Display Name": "hamidou"}, {"Username": "dlubak1", "Display Name": "Unknow Tthe Battalion"}, {"Username": "bastien.maroit", "Display Name": "Baba Le Sss \ud83c\udf5f"}, {"Username": "m8hdy", "Display Name": "Med\u00ae\ufe0f"}, {"Username": "barbara_cmart19", "Display Name": "B\u00c1RBARA"}, {"Username": "ocemax17", "Display Name": "Oceane\ud83e\udd0d"}, {"Username": "tetellexd", "Display Name": "Estelle"}, {"Username": "lalyy_o", "Display Name": "\ud83e\udde1\ud835\udcdb\ud835\udcea\ud835\udcf5\ud835\udd02.\ud835\udce3\ud835\udce6\ud83d\udc3a"}, {"Username": "elouanlegan", "Display Name": "Elouan Legan"}, {"Username": "aston_6200", "Display Name": "\u274c B\u00e9bino\u274c"}, {"Username": "rsicard_170305", "Display Name": "Roman Sicard"}, {"Username": "karma2d6", "Display Name": "SmAsh \ud83d\udc7b\ud83d\ude08\ud83d\udcb0\ud83d\udd1e"}, {"Username": "mavie0079", "Display Name": ".Carlouche Le Sss\ud83e\udd75\ud83d\ude08"}, {"Username": "kaneki_2305", "Display Name": "\ud83d\udca2\u3297\ufe0fKaneki Ken\u3297\ufe0f\ud83d\udca2"}, {"Username": "coline.rtl", "Display Name": "Coline\ud83c\udf0a"}, {"Username": "charline.caq", "Display Name": "Charline \u2764\ufe0f"}, {"Username": "chloe-ocean17", "Display Name": "Je Suis \u2728Moche\u2728"}, {"Username": "mchailloux17", "Display Name": "-\ud835\udc74\ud835\udc82\ud835\udc86\ud835\udc97\ud835\udc82-"}, {"Username": "alice.dhnn", "Display Name": ".alice"}, {"Username": "cphelippeau9", "Display Name": "\ud83d\udd25Clement Phelippeau\ud83d\udd25"}, {"Username": "cruznegrin", "Display Name": "Almudena Cruz Negrin"}, {"Username": "lulu_stucru29", "Display Name": "Lucas"}, {"Username": "prosperog2019", "Display Name": "Prospero Gomes"}, {"Username": "nourflix", "Display Name": "NourFlix"}, {"Username": "fbunker11", "Display Name": "Flynn \ud83c\uddec\ud83c\udde7\u26bd\ufe0f"}, {"Username": "alexops731", "Display Name": "Alexandre \ud83d\udd25\ud83c\udfcd\ufe0f"}, {"Username": "ielaissati90", "Display Name": "Illiass El Aissati"}, {"Username": "chocomado17", "Display Name": "\u2734Madolyne\u2734"}, {"Username": "mamadava12", "Display Name": "\ud83e\udd84m\u00e5\u0159i\u0259-\u00e5m\u0259li\u0259\ud83d\udd95"}, {"Username": "manonfcn17480", "Display Name": ".manonnfcn"}, {"Username": "lprintemps25", "Display Name": "Lana \u2764\ufe0f"}, {"Username": "sorlut-chacha", "Display Name": "Chxrline"}, {"Username": "legeranium17", "Display Name": "Moustafa\ud83d\udca5"}, {"Username": "charlottedanel3", "Display Name": "Cha:)"}, {"Username": "hascro-69", "Display Name": "Mathis \ud83d\udc4c"}, {"Username": "aude_chdhr", "Display Name": "Aude"}, {"Username": "kbrunet0611", "Display Name": "Kylian\ud83d\ude43"}, {"Username": "elijahcroc19", "Display Name": "Le Grand Schtroumpf"}, {"Username": "mathispoiraud", "Display Name": "Mathis Poirreau"}, {"Username": "abdouleikone19", "Display Name": "Ikone"}, {"Username": "sevlolo2704", "Display Name": "S\u00e9verine Lorimier Courois"}, {"Username": "tulisa1651", "Display Name": "Tulisa"}, {"Username": "p.sehra", "Display Name": "Baptiste Raya"}, {"Username": "maxinou82", "Display Name": "Maxou\ud83d\udd25"}, {"Username": "chacha_cst", "Display Name": "\ud835\udc36\u210e\ud835\udc4e\ud835\udc5f\ud835\udc59\ud835\udc5c\ud835\udc61\ud835\udc61\ud835\udc52"}, {"Username": "tsuki_winky", "Display Name": "Ma\u00ebllia"}, {"Username": "haki649", "Display Name": "Abdel\ud83e\udd2f"}, {"Username": "louisaancelot", "Display Name": "Louisa \ud83e\udd40"}, {"Username": "yovilol", "Display Name": "Yoni\ud83d\udcaa\ud83c\udffb\ud83d\ude02\ud83d\udd25"}, {"Username": "yasminaaaa17", "Display Name": "Jade bss\u00f1\ud83d\udc8b"}, {"Username": "mdppilotp2020", "Display Name": "Mdp Pilotp"}, {"Username": "matthiewbtx", "Display Name": "Le Demon\ud83d\udc79\ud83d\udc79"}, {"Username": "d.kylian7720", "Display Name": "Kylian971/4\ud83c\uddec\ud83c\uddf5\ud83c\uddf7\ud83c\uddea"}, {"Username": "damienscamille", "Display Name": "Camille\u2728"}, {"Username": "lcatalogne2020", "Display Name": "Lumi\u00e8re Catalogne"}, {"Username": "romix290redk", "Display Name": "Romain Goussard"}, {"Username": "lele57ytb", "Display Name": "L\u00e9OMG"}, {"Username": "ccauline20", "Display Name": "Cauline"}, {"Username": "ssavaritbodin", "Display Name": "\ud83c\uddeb\ud83c\uddf7Swan\ud83c\udf35Le cactus\ud83c\udf35\ud83c\uddea\ud83c\uddf8"}, {"Username": "regelisa", "Display Name": "\ud81a\udd78\ud835\udc38\ud835\udcc1\ud835\udcbe\ud835\udcc8\u2019\ud835\udcb6\ud81a\udd78"}, {"Username": "jazz_4004", "Display Name": "Jasmine \ud83e\udd5d"}, {"Username": "luka_dm1", "Display Name": "Lucas \ud83d\ude9c"}, {"Username": "alex_large7796", "Display Name": "Alex Large"}, {"Username": "docteurmr", "Display Name": "Angie"}, {"Username": "ombelinebonni19", "Display Name": "_ombeline_"}, {"Username": "bouchet5540", "Display Name": "Loloka"}, {"Username": "rox.lr22", "Display Name": "Roxane Lullier"}, {"Username": "lirmaele", "Display Name": "\ud835\udc40\ud835\udcb6\ud835\udc52\u0308\ud835\udcc1\ud835\udcc1\ud835\udc52 \ud83e\uddf8"}, {"Username": "noaravou", "Display Name": "\u00bfNoA\u203d"}, {"Username": "cancan.281", "Display Name": "Candice \u2764\ufe0f"}, {"Username": "achallat18", "Display Name": "Alexis Challat"}, {"Username": "eno_du17", "Display Name": ".\u00c9nola\u2601\ufe0f\u2708\ufe0f"}, {"Username": "e_77e2020", "Display Name": "\ud83c\udf34mdselle Em\u2019\u2019\ud83d\udc8d\ud83c\udf7c"}, {"Username": "luciaquintin", "Display Name": "lucia\ud83c\udf52"}, {"Username": "sogra43", "Display Name": "-Leo-"}, {"Username": "pierric_20", "Display Name": "Pierric"}, {"Username": "sonika_jtt", "Display Name": "Sonika Jtt"}, {"Username": "nxkolaxx", "Display Name": "_.nxkolax._\ud83d\ude07"}, {"Username": "nolanr89", "Display Name": "Nolan Renner"}, {"Username": "remi_quesnez", "Display Name": "remi"}, {"Username": "quent1n_22", "Display Name": "Quentin Girard"}, {"Username": "broclito", "Display Name": "Martin"}, {"Username": "salom_fernandez", "Display Name": "\ud835\udc46\ud835\udc4e\ud835\udc59\ud835\udc5c\ud835\udc5a\ud835\udc52\ud83e\uddda\u200d\u2640\ufe0f"}, {"Username": "gabou1711", "Display Name": "Gab"}, {"Username": "mariementeaux", "Display Name": "marie\ud83d\udc09"}, {"Username": "ayaumeyop", "Display Name": "Alliaume Guittonneau"}, {"Username": "stanlspercevau2", "Display Name": "_STAN_ \ud83d\udcab\u2744\ufe0f\ud83d\udcab\u2744\ufe0f"}, {"Username": "tititiphayne", "Display Name": "Tiphayne \u10e6"}, {"Username": "hugomagnou", "Display Name": "Hugo\ud83d\ude08"}, {"Username": "valou_gdn17", "Display Name": "Valouuu \ud83e\udd74"}, {"Username": "jadee1718", "Display Name": "Jadee\ud83c\udf39"}, {"Username": "coco.dewez21", "Display Name": "Anne-Margot\ud83e\udd8b"}, {"Username": "lukas_lemoing19", "Display Name": "Lukas\ud83d\udda4\ud83c\udff4"}, {"Username": "lola_0321", "Display Name": "Lola.mld"}, {"Username": "labarou9", "Display Name": "LinaV\u2764\ufe0f\u270c\ud83c\udffb\ud83d\udc8d\ud83e\udd47"}, {"Username": "caulinebreton", "Display Name": "Cauline Breton"}, {"Username": "benj_1710", "Display Name": "ben \uf8ff"}, {"Username": "lfollet17290", "Display Name": "louise_flt"}, {"Username": "marion0546", "Display Name": "Marion\ud83e\udd8b Renou"}, {"Username": "adrien_mssn17", "Display Name": "Adrien Masson"}, {"Username": "nanapockette", "Display Name": "\ud83d\ude44\u00e5\u00f1\u0144\u0101\ud83d\udc94"}, {"Username": "maelyss.109", "Display Name": ".Maelyssss_\ud83d\ude34"}, {"Username": "akhmed.roch", "Display Name": "\u0410\u0445\u043c\u0435\u0434"}, {"Username": "florentine_hbt", "Display Name": "Florentine H\u00e9bert"}, {"Username": "malone_ouch", "Display Name": "Malone \ud83c\uddf0\ud83c\udded"}, {"Username": "mlodie_pierre30", "Display Name": "M\u00e9lodie \ud83d\udc97"}, {"Username": "manon030201", "Display Name": "\ud835\ude7c\ud835\ude70\ud835\ude7d\ud835\ude7e\ud835\ude7d\ud83e\uddf8"}, {"Username": "jeremy-mignere", "Display Name": "jerem chasse \ud83c\uddeb\ud83c\uddf7\ud83d\udcef\ud83d\udc17\ud83e\udd8c"}, {"Username": "corentinblan20", "Display Name": "Corentin Blan"}, {"Username": "m_masse4125", "Display Name": "Maxime Masse"}, {"Username": "ethan17250", "Display Name": "Ethan"}, {"Username": "remi-blachier", "Display Name": "Remi- Blachier"}, {"Username": "tdu382", "Display Name": "Tiffanie Du 38"}, {"Username": "theo4b2019", "Display Name": "Theo 4b"}, {"Username": "emmabalou235", "Display Name": "Emma"}, {"Username": "panda_thais17", "Display Name": "Tha\u00efs Redon"}, {"Username": "enzo_surf17", "Display Name": "Zozo \ud83d\udc09\u2693\ufe0f"}, {"Username": "theo_gelinotte", "Display Name": "\ud83d\udcaa\ud83c\udffdTheo"}, {"Username": "steffen-45", "Display Name": "\ud83c\udde8\ud83c\uddebSt\u0113f Sz\u0101\ud83c\udde8\ud83c\uddeb"}, {"Username": "g.buret", "Display Name": "\ud835\udca2\ud835\udcb6\ud835\udcb7\ud835\udcc7\ud835\udcbe\ud835\udc52\ud835\udcc1\ud835\udcc1\ud835\udc52"}, {"Username": "lena.ct20", "Display Name": "LENOUILLE\ud83c\udf5c"}, {"Username": "zoehatake", "Display Name": "Zozo_"}, {"Username": "laug5123", "Display Name": "Augustin Lamy"}, {"Username": "eaudouin20", "Display Name": "Ewan"}, {"Username": "noeleneon", "Display Name": "No\u00e9 Carding"}, {"Username": "unedz_390", "Display Name": "\ud83c\udde9\ud83c\uddff390_\u0644\u064a\u0644\u064a\u0627\ud83d\udc8e"}, {"Username": "teamserpentarde", "Display Name": "\u2728\u2112\ud835\udc4e\ud835\udc62\ud835\udc5f\ud835\udc4e\u2728"}, {"Username": "nathan.goldb", "Display Name": "\ud83d\udcaa\ud83d\udc89- N\u03b1\u0442\u043d\u03b1\u043f -\ud83d\udc89 \ud83d\udcaa"}, {"Username": "sa.batta", "Display Name": "justejustine\ud83e\udd8e"}, {"Username": "gasp59134", "Display Name": "-Gasp_ardd-"}, {"Username": "coco61pro", "Display Name": "Corentin Blan"}, {"Username": "leafcckn", "Display Name": "lea\ud83d\udd25"}, {"Username": "mregnier08", "Display Name": "Max Regn"}, {"Username": "nini18023", "Display Name": "L\u00e9onie \u2763"}, {"Username": "gabriellaffont", "Display Name": "GABY"}, {"Username": "i2s007", "Display Name": "issa Crouin"}, {"Username": "mmondon29", "Display Name": "Tymal"}, {"Username": "bat0u172903", "Display Name": "Chien De La Casse"}, {"Username": "hugo_dhp", "Display Name": "Hugo\u26a1"}, {"Username": "humanoide872", "Display Name": "Moi C'est Adam"}, {"Username": "shirley.dns", "Display Name": "Shirley\u2728"}, {"Username": "l_chaumereuil", "Display Name": "Lucie"}, {"Username": "clomarce", "Display Name": "Clooo"}, {"Username": "maele_guillem19", "Display Name": "Ma\u00e8le\ud83d\ude01"}, {"Username": "precilia_91", "Display Name": "\ud83c\udf38\u2022\u2022 Precilia Deniau \u2022\u2022\ud83c\udf38"}, {"Username": "oscarmrt17", "Display Name": "Oscar\ud83e\udd8d\ud83d\ude4c"}, {"Username": "humoursquare", "Display Name": "La Petite Rebelle"}, {"Username": "moililivdv19", "Display Name": "\ud83d\udc9aLise\ud83d\udc9a"}, {"Username": "n_chicheri21", "Display Name": "Nicolas Chicheri"}, {"Username": "claire26052000", "Display Name": "Claire-Marie \u2728"}, {"Username": "kdidian17", "Display Name": "Kenzouille"}, {"Username": "youssef_ygh", "Display Name": "Youssef YG \ud83d\udda4"}, {"Username": "elena.f135", "Display Name": ".Elena"}, {"Username": "nathan_mc170", "Display Name": "Nathan Bernard"}, {"Username": "full_manga6887", "Display Name": "Manga.2.3"}, {"Username": "pixytb", "Display Name": "Logan"}, {"Username": "lapetiteblog", "Display Name": "\u010ch\u0142\u00f8\u00e9"}, {"Username": "mamathilde_dlg", "Display Name": "Mathilde"}, {"Username": "v_joaopaulo2020", "Display Name": "Varela Joao Paulo"}, {"Username": "crabeeeeee", "Display Name": "Ewen \uf8ff"}, {"Username": "benben_17000", "Display Name": "Ben Ten"}, {"Username": "cardoso-loan", "Display Name": "Loan Cardoso"}, {"Username": "crocher54", "Display Name": "Charles \ud83c\udf4f"}, {"Username": "vlt.sosso", "Display Name": "Solange"}, {"Username": "glassauge27700", "Display Name": "\ud835\udd3e\ud835\udd68\ud835\udd56\ud835\udd5f\uf8ff"}, {"Username": "lulu17_gym", "Display Name": "Insolente"}, {"Username": "lvandamme56", "Display Name": "\ud835\udc3f\ud835\udcb6\ud835\udcca\ud835\udcc7\ud835\udcb6 \ud83e\udd0d\ud83d\udda4"}, {"Username": "xpressionrecord", "Display Name": "Xpression Record 87\ud83c\udf99\ufe0f\ud83d\udcc0"}, {"Username": "victoire.ctrr", "Display Name": "Victoire"}, {"Username": "fatality75", "Display Name": "Nathan M"}, {"Username": "joudounette", "Display Name": "J\u00e4d\u00ea\ud83d\udc3a"}, {"Username": "elitefundu17", "Display Name": "Eliott_\ud83e\udd11\u270c"}, {"Username": "laurine_lfvre", "Display Name": "Lau\u2019\ud83d\udc78\ud83c\udffc\ud83d\udc40"}, {"Username": "jade.pnm00", "Display Name": "Jade Panama"}, {"Username": "burger_family17", "Display Name": "Burger Family"}, {"Username": "loulou1257", "Display Name": "Louistiti \ud83d\ude4a"}, {"Username": "ljavel7", "Display Name": "Louis Javel"}, {"Username": "mdelesalle41", "Display Name": "man\ud83e\udde1"}, {"Username": "xixilero", "Display Name": "Alexis Lr"}, {"Username": "samantha.blin", "Display Name": "Sam Le Sss\ud83e\udd75\ud83d\ude08"}, {"Username": "jordina_clapes4", "Display Name": "Jordina Clapes"}, {"Username": "chez_passs", "Display Name": "Chez Pa"}, {"Username": "juliee_171", "Display Name": "julie\ud83e\uddad"}, {"Username": "marie_ld5", "Display Name": "\u00b0Marie\u00b0"}, {"Username": "lolag4943", "Display Name": "Hey"}, {"Username": "juline_bdl", "Display Name": "Juline \ud83e\udd8b"}, {"Username": "sabarone223", "Display Name": "Sissoko Sadio"}, {"Username": "lili.teillaud", "Display Name": "LiLi\u2653\ufe0f"}, {"Username": "madolyne_rmd", "Display Name": "Madolyne Rambaud"}, {"Username": "toto58_ytb", "Display Name": "Tom Grand"}, {"Username": "capu867", "Display Name": "\u2022Capucine\u00ae"}, {"Username": "allan_fr235", "Display Name": "Ringot Allan"}, {"Username": "naoflo25", "Display Name": "Florine Mauvilain"}, {"Username": "juju_2942", "Display Name": ".Juliette\ud83e\udddd\ud83c\udffb\u200d\u2640\u2728"}, {"Username": "razortagsu17", "Display Name": "sachaaa \u2696\ufe0f"}, {"Username": "quitterie_pjt", "Display Name": "Quitt"}, {"Username": "milanet22", "Display Name": "Milane \ud83d\ude0e\ud83e\udd34"}, {"Username": "rected7", "Display Name": "Ars\u00e8ne Face"}, {"Username": "totis278", "Display Name": "Tiz\ud83d\udd34\u26aa\ud83c\uddf2\ud83c\udde8"}, {"Username": "lauuu.lfvre", "Display Name": "\u2022 Lauuu\u2019\ud83d\udc78\ud83c\udffd\ud83d\udc94"}, {"Username": "orakuu20", "Display Name": "\ud83c\ude35Oraku_Uchiwa\ud83c\ude35"}, {"Username": "babachasse", "Display Name": "Bb Petro"}, {"Username": "lylox172226", "Display Name": "Lylou \ud83d\udc51"}, {"Username": "jules_vdl7", "Display Name": "Jules\u270c\ud83c\udffd"}, {"Username": "alexis.agd", "Display Name": ".Alexis Angaud"}, {"Username": "linon.p", "Display Name": "\ud835\ude7b\ud835\ude92\ud835\ude97\ud835\ude98\ud835\ude97\ud83c\udf1e"}, {"Username": "imael_a", "Display Name": "Imael Alerendro"}, {"Username": "bene4456", "Display Name": "\u130c\u127f\u12ad\u127f\ud83c\udde9\ud83c\uddff \ud83d\udd2b\ud83c\udff4\u200d\u2620\ufe0f \u12d2\u1228\u127b  \ud83d\udc0a"}, {"Username": "romygabrieli", "Display Name": "ro\u2019\ud83d\udc8b"}, {"Username": "louloudounies", "Display Name": "Louise\u26bd\ufe0f\u2764\ufe0f"}, {"Username": "ns2004r6", "Display Name": "Noa \ud83d\udcb8"}, {"Username": "manonchess76", "Display Name": "Manon"}, {"Username": "nono.maix", "Display Name": "nonooo\u26a1"}, {"Username": "clem171205", "Display Name": "Clem\u2764\ufe0f"}, {"Username": "rosiettcourt", "Display Name": "Rose Tel"}, {"Username": "mpasquali21", "Display Name": "Meline \ud83d\udc4d\ud83d\udc4c"}, {"Username": "dewilde_ugo", "Display Name": "\u2764Ugo \ud83c\udfc8\ud83e\udd4a"}, {"Username": "ch0uch4ne", "Display Name": ""}, {"Username": "lukia91", "Display Name": "Lukia"}, {"Username": "th8bautboss", "Display Name": "~Thibaut\ud83d\udca5\ud83d\udcb8\ud83d\udd2b"}, {"Username": "mimbo_mavie", "Display Name": "\ud83d\udc9aNine\ud83d\udc9a"}, {"Username": "camille_jcr", "Display Name": "Camille Juchereau"}, {"Username": "ngillard73", "Display Name": "Noemie"}, {"Username": "marcelinedu17", "Display Name": "Marceline\ud83e\udd96"}, {"Username": "estelle_dlcx", "Display Name": "Estelle \ud83d\udc93"}, {"Username": "lal_03", "Display Name": "Laly ;)"}, {"Username": "nolanchatain1", "Display Name": "No_chat_1"}, {"Username": "bastien_asthil", "Display Name": "Bastien"}, {"Username": "chloe.trinez", "Display Name": "Chl\u00f8\u00e9"}, {"Username": "selenex2410", "Display Name": "S\u00e9l\u00e8ne \ud83d\udd10"}, {"Username": "esteban_bcht", "Display Name": "Estebananasplit\ud83c\udf4c\ud83c\udf68"}, {"Username": "taicia.hidreauu", "Display Name": "Taic"}, {"Username": "juliettelec3345", "Display Name": "Juliette Leclercq"}, {"Username": "mouslim100", "Display Name": "Mouss\ud83d\udcaa\ud83d\ude08"}, {"Username": "nikit_tramp", "Display Name": ".Nikita Juchereau"}, {"Username": "tigreduhebs97", "Display Name": "Inconito \u270c\ud83d\udd2b"}, {"Username": "lp_ewen", "Display Name": "Ewen"}, {"Username": "baryalynangrha7", "Display Name": "Ok"}, {"Username": "bcoco200561", "Display Name": "CoCo Bln"}, {"Username": "ktibouville14", "Display Name": "Kar\u00e8ne\ud83c\udf19"}, {"Username": "cbriffault1", "Display Name": "Cassandra"}, {"Username": "laly.mo", "Display Name": "\ud835\ude61\ud835\ude56\ud835\ude61\ud835\ude6e"}, {"Username": "issa_chechen20", "Display Name": "Issa Chechen"}, {"Username": "tetelle1778", "Display Name": ".\ud83c\udf1fTetelle\ud83c\udf1f"}, {"Username": "ylonanaloups2", "Display Name": "Ylona\ud83e\uddda\ud83c\udffb\u200d\u2640\ufe0f"}, {"Username": "milatroude12345", "Display Name": "Mila"}, {"Username": "mbillaut2", "Display Name": "Ma\u00efwen \u2661"}, {"Username": "jeremydepetris2", "Display Name": "J\u00e9r\u00e9my De Petris"}, {"Username": "gregory.dlb", "Display Name": "Gregory Delaby"}, {"Username": "jbubu17", "Display Name": "Juliette\ud83d\udc95"}, {"Username": "bestlou13", "Display Name": "lou"}, {"Username": "allysondu94", "Display Name": "\ud835\udcb6\ud835\udcc1\ud835\udcc1\ud835\udcce\ud835\udcc8\ud835\udc5c\ud835\udcc3\ud83e\udd40"}, {"Username": "a_astrobkac2020", "Display Name": "#noam Le Bg"}, {"Username": "dodo17866", "Display Name": "Dorian Gougnard"}, {"Username": "lorettebrd", "Display Name": "Lorette"}, {"Username": "laurine.lfvre", "Display Name": "lauuu\u2019\ud83d\udc8b"}, {"Username": "bdubois8709", "Display Name": "Baptiste"}, {"Username": "nanacosse55", "Display Name": ".Naomi\ud83d\udc4c"}, {"Username": "al_ducournau", "Display Name": ".al"}, {"Username": "manon15044", "Display Name": "manon"}, {"Username": "timotheemart1", "Display Name": "Timoth\u00e9e Martin"}, {"Username": "maxiss_33", "Display Name": "mathilde:/"}, {"Username": "niniss2005", "Display Name": "ana\u00efs \u26bd"}, {"Username": "lmaillepare2019", "Display Name": "\u2764\ufe0f\ud83e\uddf8les Folle Du 17 \u2764\ufe0f\ud83e\uddf8"}, {"Username": "peuf_5000", "Display Name": "Peufraa Nams"}, {"Username": "hlotthe", "Display Name": "Hermione Lotthe"}, {"Username": "jean-kevin17220", "Display Name": "Arsene Chapron"}, {"Username": "camiellette21", "Display Name": "Cam"}, {"Username": "poluxdu17", "Display Name": "Polux .Lgdr"}, {"Username": "mathis.trav", "Display Name": "Mathis"}, {"Username": "cristinaperchot", "Display Name": "\uf8ffCristina\uf8ff"}, {"Username": "alaaaan05", "Display Name": "Alan\ud83c\udf97"}, {"Username": "manonherle", "Display Name": ".Manon"}, {"Username": "snap-antonio", "Display Name": "\ud83c\udf6dToine\ud83d\udcaf"}, {"Username": "thomas_vo2019", "Display Name": "Thomas_V_24"}, {"Username": "bois_enzo", "Display Name": "Enzo\ud83d\udd25"}, {"Username": "furqi_m", "Display Name": "Redix"}, {"Username": "neoxrng", "Display Name": "Dylan Vrk"}, {"Username": "prouteau-flo", "Display Name": "Florian"}, {"Username": "capu.dem", "Display Name": "Capucine \u2661"}, {"Username": "dbillaud77", "Display Name": "Dorian Billaud"}, {"Username": "sevan0080", "Display Name": "\ud83c\udf54\ud83c\udf5fsevan\ud83e\udd4a\ud83c\udfae"}, {"Username": "jechercheqlq", "Display Name": "Clara Jesaisplus"}, {"Username": "maximehchn", "Display Name": "Maxime Hchn"}, {"Username": "capucinecrt", "Display Name": "Capucine \ud83e\udd70"}, {"Username": "agentutur", "Display Name": "Apedulla"}, {"Username": "royafr", "Display Name": "Lucas RoYa"}, {"Username": "a_vernhes99", "Display Name": "Stella \ud83d\udc2f"}, {"Username": "teamsnapchat", "Display Name": "Team Snapchat"}, {"Username": "lgerard525", "Display Name": ".Lea Gerard"}, {"Username": "ambre_kst", "Display Name": "Ambre.."}, {"Username": "jwerkhoven15", "Display Name": "Julia Werkhoven"}, {"Username": "simsims17_ytb", "Display Name": "simsims17 YTB"}, {"Username": "airdepog", "Display Name": ".juliette (la Best)"}, {"Username": "faizanghias", "Display Name": "FAIZAN\ud83c\uddf5\ud83c\uddf0"}, {"Username": "rberziou", "Display Name": ".Riwal BERZIOU"}, {"Username": "elenaescorte21", "Display Name": "Elena Escorte"}, {"Username": "junior_coustes", "Display Name": "junior.coustes"}, {"Username": "clacla6216", "Display Name": "\ud835\udc6a\ud835\udc8d\ud835\udc82\ud835\udc93\ud835\udc82\u30b7\ufe0e"}, {"Username": "toliverpitbul", "Display Name": "\ud83d\udc94\ud835\udd5d\ud835\udd60\ud835\udd66\ud835\udd5f\ud835\udd52\ud83d\ude2d"}], "Friend Requests Sent": [{"Username": "noa_brn05", "Display Name": "Noa Baron"}, {"Username": "shynio", "Display Name": "Nacim\ud83d\udc7b\ud83c\udde9\ud83c\uddff"}, {"Username": "matheo.mtr", "Display Name": "Matheo\ud83d\ude1c"}, {"Username": "thunderwolf-pvp", "Display Name": "Louis"}, {"Username": "manonhuguet20", "Display Name": "Manon la Pro\ud83d\ude18"}, {"Username": "lolo_maerten", "Display Name": "lau \u30c4"}, {"Username": "ninonh2811", "Display Name": "F//Ninon \ud83d\udc51"}, {"Username": "coco17120", "Display Name": "cocovl\ud83c\udf2a"}, {"Username": "verlouisante", "Display Name": "Louisa Schoof \ud83d\udc9c"}, {"Username": "llm57380", "Display Name": "\u2113\u03c3\u03b9\u00a2 \u043c\u0454\u044f\u00a2\u03b9\u0454\u044f \ud83e\udd2a"}, {"Username": "lucassdpt4", "Display Name": "Alice"}, {"Username": "celiaa.ajd", "Display Name": "Jassss\ud83e\uddf8"}, {"Username": "keliah_92", "Display Name": "Keliah\ud83e\udd28"}, {"Username": "elynturquoise", "Display Name": "\ud80c\udd53 Elyn\ud83c\udf2a"}, {"Username": "taopetitguyot", "Display Name": "Gr4viTy_Tao"}, {"Username": "augustin_varang", "Display Name": "Edward"}, {"Username": "karine180705", "Display Name": "\ud835\udd76\ud835\udd86\ud835\udd97\ud835\udd8e\ud835\udd93\ud835\udd8a\ud835\udd8a\ud835\udd8a\ud83d\udc83\ud83c\udffc\ud83d\udc8b"}, {"Username": "louise.22032006", "Display Name": "\u2764\ud83e\udd75\ud835\udc3f\ud83c\udd7e\ufe0fu\ud835\udcbe\ud835\udcc8\ud835\udc52 \ud83e\udd75\u2764\ufe0f"}, {"Username": "mimi9225", "Display Name": "Myrm.uchiha\ud83d\udda4"}, {"Username": "educationfrance", "Display Name": "\u00c9ducation Nationale"}, {"Username": "supergirl59211", "Display Name": "Bertille"}, {"Username": "ewendu999", "Display Name": "Ewen\ud83d\udd31"}, {"Username": "kalyssa2808", "Display Name": "Kalyssa Roger"}, {"Username": "enzo_loisel2019", "Display Name": "Enzo Lsl"}, {"Username": "taicia.hidreau", "Display Name": "Taic'\ud83d\ude1b"}, {"Username": "sarah.gbn", "Display Name": "Sarah.gbn"}, {"Username": "chlobrct", "Display Name": "chloeee \ud83c\udf51\u2728"}, {"Username": "lolita65270", "Display Name": "\uaab6\uaaae\uaab6\uaa96 \ud83d\udda4"}, {"Username": "mangaa-frr", "Display Name": "\ud83c\ude39Mangaa Officiel\ud83c\ude39"}, {"Username": "louloudu17290", "Display Name": "\ud835\udcdb\ud835\udcf8\ud835\udcfe\ud835\udcea\ud835\udcf7\ud835\udcee.\ud83d\udc09"}, {"Username": "lena.dens", "Display Name": "Lena\ud83c\uddf7\ud83c\uddfa"}, {"Username": "studiodanielle", "Display Name": "Studio Danielle"}, {"Username": "nanabole25", "Display Name": "Celina Bole"}, {"Username": "lucgallileo", "Display Name": "rose"}, {"Username": "ariellelicorne", "Display Name": "Arielle \ud83d\udda4\u2650\ufe0f"}, {"Username": "drn.242", "Display Name": "DRN\u2604\ufe0f\ud83e\udd2f"}, {"Username": "hmatha8", "Display Name": "H\u00e9lo\u00efse \ud83c\udf3f"}, {"Username": "esteban171121", "Display Name": "Esteban Roblet"}, {"Username": "laly_pv02", "Display Name": "\ud83c\uddfa\ud83c\uddf8\ud83d\udc3alaly\ud83d\udc3a\ud83c\uddfa\ud83c\uddf8"}, {"Username": "elle17000", "Display Name": "L\u00e9a Garry \u2764\ufe0f"}, {"Username": "oceanaa.373", "Display Name": "\ud83d\udc94oxanaa\ud83d\udc94"}, {"Username": "esthey77", "Display Name": "Estxban \ud83c\uddef\ud83c\uddf5"}, {"Username": "juju_lecannet", "Display Name": "Justine VQ"}, {"Username": "agathe_dmst4", "Display Name": "\ud835\ude08\ud835\ude28\ud835\ude22\ud835\ude35\ud835\ude29\ud835\ude26 \u2606"}, {"Username": "mounette160773", "Display Name": "Philippine"}, {"Username": "julie_pv17", "Display Name": "Julie\ud83e\udd0d\ud83e\udd81"}, {"Username": "lebigleux17", "Display Name": "Martin"}, {"Username": "quentin_dubrez", "Display Name": "Quentin Dubrez"}, {"Username": "mailys.vln", "Display Name": "Ma\u00eflys\u2661"}, {"Username": "elijah-crc", "Display Name": "Pr\u00e9puscule"}, {"Username": "tomcap8", "Display Name": "\ud83d\ude0f\ud83d\udc4cTitouan Le Fr\u00e9ro \ud83d\ude0f\ud83d\udc4c"}, {"Username": "tv-satisfaction", "Display Name": "TV SATISFACTION \u2618\ufe0f\ud83c\udf08\ud83d\udcab"}, {"Username": "carlalovelulu", "Display Name": "Carla \ud83c\udf08"}, {"Username": "naimaferrera", "Display Name": "Benita.170 \ud83d\udca5\ud83d\udc94"}, {"Username": "inesbmm", "Display Name": "Inessss\ud83d\udc1a"}, {"Username": "jibilinemc", "Display Name": "Jibi Line MC"}, {"Username": "juju12017", "Display Name": "Julia"}, {"Username": "maxime2239", "Display Name": "Maxime"}, {"Username": "malou_ldc", "Display Name": "Marilou\ud83e\udd40"}, {"Username": "kbouillaud20", "Display Name": "Le BMW"}, {"Username": "maena.sfr", "Display Name": "\ud83e\udd40Ma\u00ebna\ud83e\udd40"}, {"Username": "crise_4d", "Display Name": "crise ~ Pinon"}, {"Username": "madisonbtrd", "Display Name": "Mad \ud83d\udc09"}, {"Username": "bevernours", "Display Name": "Bev\u270c\ud83c\udffd\ud83c\udf00 \u2728"}, {"Username": "fripouille59320", "Display Name": "Z\u0e51\u1c00\u0301"}, {"Username": "emmam1609", "Display Name": "Emma Micou"}, {"Username": "hulya_briere", "Display Name": "hulya \ud83d\udc78\ud83c\udffc\ud83d\udc8d\ud83e\udd2f"}, {"Username": "amaury20711", "Display Name": "\ud83e\udd82Amaury\ud83e\udd82"}, {"Username": "nicolas", "Display Name": ""}, {"Username": "marie_l6916", "Display Name": "\ud83d\ude01Ma\u00eb\ud83d\ude01"}, {"Username": "bob_danof", "Display Name": "Karlito"}, {"Username": "rencontre_v1", "Display Name": "Maelis"}, {"Username": "echaffin74", "Display Name": "Elodie\ud83e\udd70"}, {"Username": "cbarreraroux", "Display Name": "C\u00e9lia\ud83c\udf3b\ud83e\uddf8"}, {"Username": "jujubobol", "Display Name": "Juju la turlulu"}, {"Username": "ambrettedu79", "Display Name": "Ambre"}, {"Username": "al_d", "Display Name": "al_d"}, {"Username": "neissadlm17", "Display Name": "Neissaa\ud83c\udf38"}, {"Username": "normansursnap", "Display Name": "Norman Thavaud"}, {"Username": "sarah.azerty57", "Display Name": "L\u00e9a\ud83e\udd74\ud83d\udc95"}, {"Username": "emiliaofff", "Display Name": "Emilia"}, {"Username": "maylisrouby1", "Display Name": "Maylis"}, {"Username": "rattaziemma", "Display Name": "Emma Rattazi"}, {"Username": "lucysakura4", "Display Name": "Lucy Liu"}, {"Username": "leascouarnec", "Display Name": "L\u00e9a\u2764\ufe0f La Best \u2764\ufe0f"}, {"Username": "lucas_jjs", "Display Name": "Lxcxs\u3299"}, {"Username": "lolamrl17", "Display Name": "Lolaa\ud83c\udf38"}, {"Username": "flofloclai", "Display Name": "florine\u2764\ufe0f"}, {"Username": "annlou.bld", "Display Name": "Ann-Lou Baland"}, {"Username": "manou1059", "Display Name": "Manon\ud83d\udc09"}, {"Username": "ricochet827", "Display Name": "Ethan"}, {"Username": "tlefebvre970", "Display Name": "Tehani\ud83d\udc97"}, {"Username": "veauvert19", "Display Name": "Owen Veauvert"}, {"Username": "coralieblandi20", "Display Name": "Coralie Blandin"}, {"Username": "bellasarah17", "Display Name": "Sarah \ud83d\ude3b"}, {"Username": "lucas28054", "Display Name": "Lucas"}, {"Username": "inesthebault", "Display Name": "~In\u00e8s~"}, {"Username": "cassandre61", "Display Name": "Cassou"}, {"Username": "antoine_hdl", "Display Name": "Antoine Hendschel\ud83e\udd40"}, {"Username": "sarah_gheorgh19", "Display Name": "\ud83c\udf39sarah\ud83c\udf39"}, {"Username": "zoecnt", "Display Name": "Zo\u00e9 Contart"}, {"Username": "lafolle_2783", "Display Name": "Lisa\u2019\ud83d\udc78\ud83c\udffd"}, {"Username": "boirivant19", "Display Name": "Nathan\ud83e\udd23"}, {"Username": "alice.13", "Display Name": "Alice"}, {"Username": "minute2savoir", "Display Name": "\u203cMinute2Savoir\u203c"}, {"Username": "leolasiatdu95", "Display Name": "Leo\ud83d\udc19"}, {"Username": "oceane_leo19", "Display Name": "Leo Arth"}, {"Username": "moussaso60113", "Display Name": "Echanger De Pub \u272a"}, {"Username": "angele010805", "Display Name": "Ang\u00e8le \u2661"}, {"Username": "louannebruger", "Display Name": "\ud835\udc59\ud835\udc5c\ud835\udc62 \ud835\udc4e\ud835\udc5b\ud835\udc5b\ud835\udc52"}, {"Username": "keylamarchessea", "Display Name": "Keyla Salhi Marchesseau"}, {"Username": "lelaforever0703", "Display Name": "\ud83c\udf0aSeir\u00edna\ud83c\udf0a"}, {"Username": "maelyssobribri", "Display Name": "Maelis"}, {"Username": "niko-minoru", "Display Name": "melvin Fvr"}, {"Username": "jadelolitabaty", "Display Name": "\ud835\udcf3\ud835\udcea\ud835\udced\ud835\udcee \u2661"}, {"Username": "abedmalorie", "Display Name": "Malorie \ud83e\udd40"}, {"Username": "alc-7", "Display Name": "amau \ud83e\udd0d"}, {"Username": "aymerlet1407", "Display Name": "Aymeric Merlet"}, {"Username": "nana70170", "Display Name": "Eliana\ud83d\ude09\ud83d\ude07"}, {"Username": "baptiste.ae", "Display Name": "Baptiste ."}, {"Username": "lylouuu1.7", "Display Name": ""}, {"Username": "jguinaudeau2019", "Display Name": "Jordan \ud83c\udf55"}, {"Username": "faustine_mureau", "Display Name": "Faustine Mureau"}, {"Username": "laroulada", "Display Name": "LaRoulada \u2714\ufe0f"}, {"Username": "iilyeslebooss", "Display Name": "Le Roi Cesar\ud83e\udd23\ud83e\udd23"}, {"Username": "char10ans", "Display Name": "Cha\ud83d\udc9e"}, {"Username": "aurianemystic", "Display Name": "Auriane \u263a\ufe0f"}, {"Username": "flavioroyal_cr", "Display Name": "Flavio\u30b7"}, {"Username": "oriane_riri", "Display Name": "oriane\ud83d\udc8a\ud83d\udcad"}, {"Username": "boosteryz", "Display Name": "Leo"}, {"Username": "corentin61pro", "Display Name": "Corentin Blan"}, {"Username": "rigoladerie", "Display Name": "Rigoladerie"}, {"Username": "nonolastico17", "Display Name": "Nolan Antoine"}, {"Username": "jadoulove09", "Display Name": "Jxde\ud83e\udd0d"}, {"Username": "zakary.r1", "Display Name": "Zak .Tt"}, {"Username": "mchomette", "Display Name": "Mathis Chmte"}, {"Username": "girly59320", "Display Name": "Alice \ud83d\udc7b"}, {"Username": "lisa.jacquet200", "Display Name": "PrInCeSsE \ud83d\udc51 \ud83e\udd0d"}, {"Username": "keyla4078", "Display Name": "Keyla Salhi Marchesseau"}, {"Username": "vaval175", "Display Name": "Valentine \ud83e\ude90"}, {"Username": "cbayet95", "Display Name": "CATHERINE \ud83e\udda6"}, {"Username": "shaynix2959", "Display Name": "Shaynix"}, {"Username": "jibootypark17", "Display Name": "Cauline"}, {"Username": "alicecossevin", "Display Name": "Lilice \ud83d\udc51"}, {"Username": "t17110", "Display Name": "Tintin"}, {"Username": "titoudu4", "Display Name": "Titouan Cul\u00e9"}, {"Username": "jxst_chloe93", "Display Name": "Chlo\u00e9\ud83c\udf3b"}, {"Username": "cquere04", "Display Name": "Colyne Quere"}, {"Username": "clem01cheval", "Display Name": "Cl\u00e9mentine Flipo"}, {"Username": "valou_foot", "Display Name": "Valentin Sivadier"}, {"Username": "lguerit123", "Display Name": "L\u00e9a\u0295\u2022\u1d25\u2022\u0294"}, {"Username": "sarahhh_ber", "Display Name": ""}, {"Username": "manon.laronce", "Display Name": "manon\ud83c\udf0a"}, {"Username": "nsimonin84", "Display Name": "\ud83d\udc7bNoa\ud83d\udc7b"}, {"Username": "nonomessi3", "Display Name": "Nono\ud83d\ude0b"}, {"Username": "nina_mtrs", "Display Name": "nina"}, {"Username": "papeete_j", "Display Name": "Julie \u2764\ufe0f"}, {"Username": "amphay.ide", "Display Name": "Thxlane\u2622\ufe0f"}, {"Username": "monkey.luffy91", "Display Name": "\ud83d\udcae\ud83c\ude50Kaneki Ken\u3297\ufe0f\ud83d\udcae"}, {"Username": "lili.rf06", "Display Name": "lia_ llnd"}, {"Username": "lyly_390", "Display Name": "Lylia\u2764\ufe0e\u2764\ufe0e"}, {"Username": "jeff17170gemeur", "Display Name": "jeff__ ___mrt"}], "Blocked Users": [{"Username": "elisabarbier143", "Display Name": "Elisa Barbier"}], "Deleted Friends": [{"Username": "shinusukii", "Display Name": "Shinusuki \ud83c\ude50\ud83c\udf65\ud83e\udd40"}, {"Username": "thegokuuuu", "Display Name": "Thegokuu \ud83d\udc09\ud83c\uddef\ud83c\uddf5"}, {"Username": "tammeux6", "Display Name": "Otheux\ud83d\udd25\ud83d\udc7b"}, {"Username": "laflaquita_95", "Display Name": "Latinaa_//\ud83c\uddf5\ud83c\uddea\u2728"}, {"Username": "cestgood", "Display Name": "PICS MANGA \ud83c\udf65\ud83c\uddef\ud83c\uddf5"}, {"Username": "gladysnoel20", "Display Name": "Gladys No\u00ebl"}, {"Username": "lolarthurettes", "Display Name": "Arthur \ud83d\udc95\ud83e\udd71\ud83e\udd11"}, {"Username": "prune_bdn", "Display Name": "Prune"}, {"Username": "thegokuu", "Display Name": "The Goku\ud83c\udf65\ud83d\udcae\ud83c\ude50\ud83d\udcfa"}, {"Username": "mangas-dsk", "Display Name": "100% Mangas \ud83e\udd2f\u3299\ufe0f\u3297\ufe0f"}, {"Username": "espagnole23", "Display Name": "Ju \ud83c\uddea\ud83c\udde6"}, {"Username": "elsl28", "Display Name": "Emma Lsl"}, {"Username": "best_scene", "Display Name": "Best_scene\ud83c\uddef\ud83c\uddf5\ud83c\ude50\ud83e\udd2f"}, {"Username": "leothomas1718", "Display Name": "Thomas Leo"}, {"Username": "blagues45", "Display Name": "100% RIRES \ud83d\ude02\ud83d\udc7b"}, {"Username": "vbraud969", "Display Name": "Valentin \u26bd\ufe0f\u2705"}, {"Username": "mangas-frr", "Display Name": "\u3297\ufe0fMangas-FR\u3297\ufe0f \u272a"}, {"Username": "dfelise261105", "Display Name": "\u2764\ufe0fElise\u2764\ufe0f"}, {"Username": "darrasanais19", "Display Name": "Darras Ana\u00efs"}, {"Username": "p0p-up3", "Display Name": "\ud83c\ude50\ud83d\udcaeMonkey.D. Genial\ud83d\udcae\ud83c\ude50"}, {"Username": "best-mangas", "Display Name": "100%Mangas\ud83c\uddef\ud83c\uddf5\ud83d\udcae\ud83c\ude35"}, {"Username": "may_cmpr", "Display Name": "\ud83c\ude50\u30e1\u30a4\u30ea\u30f3\ud83c\udccf"}, {"Username": "lalyv2", "Display Name": ".Laly \ud83d\udc0d"}, {"Username": "shonentaste", "Display Name": "Monkey.D Luffy \ud83c\udf54\ud83c\udf63\ud83c\udf5c\ud83c\udf67"}, {"Username": "workout_parkour", "Display Name": "PARKOUR & WORKOUT\ud83c\udfcb\ud83c\udffb"}, {"Username": "l3cityy.prv", "Display Name": "13CITYY MANGAS\ud83c\udf65\ud83c\uddef\ud83c\uddf5"}, {"Username": "mrvn10.6", "Display Name": "\ud83c\udde8\ud83c\uddeb\u2764\ufe0fMvrvyn \ud83c\udf61\ud83c\udf65"}, {"Username": "mangas-otaku", "Display Name": "AKATSUKII_TV\ud83c\udf65\ud83e\udd40\ud83d\udcfa"}, {"Username": "roro8delanoy", "Display Name": "\ud83c\udf00rosie\ud83c\udf00"}], "Shortcuts": []}