[{"Date and time (hourly)": "2021-02-16 19:00:00 UTC", "Search Term": "mara", "Location": ""}, {"Date and time (hourly)": "2021-02-16 19:00:00 UTC", "Search Term": "mar", "Location": ""}, {"Date and time (hourly)": "2021-02-16 19:00:00 UTC", "Search Term": "marr", "Location": ""}, {"Date and time (hourly)": "2021-02-16 19:00:00 UTC", "Search Term": "marra", "Location": ""}, {"Date and time (hourly)": "2021-02-16 19:00:00 UTC", "Search Term": "marr", "Location": ""}, {"Date and time (hourly)": "2021-02-16 19:00:00 UTC", "Search Term": "mar", "Location": ""}, {"Date and time (hourly)": "2021-02-16 19:00:00 UTC", "Search Term": "ma", "Location": ""}, {"Date and time (hourly)": "2021-02-16 19:00:00 UTC", "Search Term": "m", "Location": ""}, {"Date and time (hourly)": "2021-02-23 07:00:00 UTC", "Search Term": "se", "Location": ""}, {"Date and time (hourly)": "2021-02-23 07:00:00 UTC", "Search Term": "s", "Location": ""}, {"Date and time (hourly)": "2021-02-10 15:00:00 UTC", "Search Term": "inso", "Location": ""}, {"Date and time (hourly)": "2021-02-10 15:00:00 UTC", "Search Term": "ins", "Location": ""}, {"Date and time (hourly)": "2021-02-10 15:00:00 UTC", "Search Term": "in", "Location": ""}, {"Date and time (hourly)": "2021-02-10 15:00:00 UTC", "Search Term": "i", "Location": ""}, {"Date and time (hourly)": "2021-02-10 15:00:00 UTC", "Search Term": "l", "Location": ""}, {"Date and time (hourly)": "2021-02-10 15:00:00 UTC", "Search Term": "lu", "Location": ""}, {"Date and time (hourly)": "2021-02-10 15:00:00 UTC", "Search Term": "l", "Location": ""}, {"Date and time (hourly)": "2021-02-14 11:00:00 UTC", "Search Term": "leo", "Location": ""}, {"Date and time (hourly)": "2021-02-14 11:00:00 UTC", "Search Term": "le", "Location": ""}, {"Date and time (hourly)": "2021-02-14 11:00:00 UTC", "Search Term": "l", "Location": ""}, {"Date and time (hourly)": "2021-02-11 09:00:00 UTC", "Search Term": "leo", "Location": ""}, {"Date and time (hourly)": "2021-02-11 09:00:00 UTC", "Search Term": "le", "Location": ""}, {"Date and time (hourly)": "2021-02-11 09:00:00 UTC", "Search Term": "le9", "Location": ""}, {"Date and time (hourly)": "2021-02-11 09:00:00 UTC", "Search Term": "le", "Location": ""}, {"Date and time (hourly)": "2021-02-11 09:00:00 UTC", "Search Term": "l", "Location": ""}, {"Date and time (hourly)": "2021-02-20 10:00:00 UTC", "Search Term": "zu", "Location": ""}, {"Date and time (hourly)": "2021-02-20 10:00:00 UTC", "Search Term": "z", "Location": ""}, {"Date and time (hourly)": "2021-02-02 14:00:00 UTC", "Search Term": "les ", "Location": ""}, {"Date and time (hourly)": "2021-02-02 14:00:00 UTC", "Search Term": "les", "Location": ""}, {"Date and time (hourly)": "2021-02-02 14:00:00 UTC", "Search Term": "le", "Location": ""}, {"Date and time (hourly)": "2021-02-02 14:00:00 UTC", "Search Term": "l", "Location": ""}, {"Date and time (hourly)": "2021-02-02 14:00:00 UTC", "Search Term": "m", "Location": ""}, {"Date and time (hourly)": "2021-02-02 14:00:00 UTC", "Search Term": "me", "Location": ""}, {"Date and time (hourly)": "2021-02-02 14:00:00 UTC", "Search Term": "mes", "Location": ""}, {"Date and time (hourly)": "2021-02-02 14:00:00 UTC", "Search Term": "mes ", "Location": ""}, {"Date and time (hourly)": "2021-02-02 14:00:00 UTC", "Search Term": "mes", "Location": ""}, {"Date and time (hourly)": "2021-02-02 14:00:00 UTC", "Search Term": "me", "Location": ""}, {"Date and time (hourly)": "2021-02-02 14:00:00 UTC", "Search Term": "m", "Location": ""}, {"Date and time (hourly)": "2021-02-16 13:00:00 UTC", "Search Term": "elio", "Location": ""}, {"Date and time (hourly)": "2021-02-16 13:00:00 UTC", "Search Term": "eli", "Location": ""}, {"Date and time (hourly)": "2021-02-16 13:00:00 UTC", "Search Term": "el", "Location": ""}, {"Date and time (hourly)": "2021-02-16 13:00:00 UTC", "Search Term": "e", "Location": ""}, {"Date and time (hourly)": "2021-02-12 15:00:00 UTC", "Search Term": "in", "Location": ""}, {"Date and time (hourly)": "2021-02-12 15:00:00 UTC", "Search Term": "i", "Location": ""}, {"Date and time (hourly)": "2021-02-08 11:00:00 UTC", "Search Term": "3", "Location": ""}, {"Date and time (hourly)": "2021-02-27 11:00:00 UTC", "Search Term": "leo", "Location": ""}, {"Date and time (hourly)": "2021-02-27 11:00:00 UTC", "Search Term": "le", "Location": ""}, {"Date and time (hourly)": "2021-02-27 11:00:00 UTC", "Search Term": "l", "Location": ""}, {"Date and time (hourly)": "2021-02-27 11:00:00 UTC", "Search Term": "m", "Location": ""}, {"Date and time (hourly)": "2021-02-27 11:00:00 UTC", "Search Term": "me", "Location": ""}, {"Date and time (hourly)": "2021-02-27 11:00:00 UTC", "Search Term": "meo", "Location": ""}, {"Date and time (hourly)": "2021-02-27 11:00:00 UTC", "Search Term": "meom", "Location": ""}, {"Date and time (hourly)": "2021-02-27 11:00:00 UTC", "Search Term": "meo", "Location": ""}, {"Date and time (hourly)": "2021-02-27 11:00:00 UTC", "Search Term": "me", "Location": ""}, {"Date and time (hourly)": "2021-02-27 11:00:00 UTC", "Search Term": "m", "Location": ""}, {"Date and time (hourly)": "2021-02-11 18:00:00 UTC", "Search Term": "tox", "Location": ""}, {"Date and time (hourly)": "2021-02-11 18:00:00 UTC", "Search Term": "to", "Location": ""}, {"Date and time (hourly)": "2021-02-11 18:00:00 UTC", "Search Term": "t", "Location": ""}, {"Date and time (hourly)": "2021-02-18 01:00:00 UTC", "Search Term": "lin", "Location": ""}, {"Date and time (hourly)": "2021-02-18 01:00:00 UTC", "Search Term": "linq", "Location": ""}, {"Date and time (hourly)": "2021-02-18 01:00:00 UTC", "Search Term": "lin", "Location": ""}, {"Date and time (hourly)": "2021-02-18 01:00:00 UTC", "Search Term": "li", "Location": ""}, {"Date and time (hourly)": "2021-02-18 01:00:00 UTC", "Search Term": "l", "Location": ""}, {"Date and time (hourly)": "2021-02-13 20:00:00 UTC", "Search Term": "ly", "Location": ""}, {"Date and time (hourly)": "2021-02-13 20:00:00 UTC", "Search Term": "l", "Location": ""}, {"Date and time (hourly)": "2021-02-23 15:00:00 UTC", "Search Term": "seh", "Location": ""}, {"Date and time (hourly)": "2021-02-23 15:00:00 UTC", "Search Term": "seha", "Location": ""}, {"Date and time (hourly)": "2021-02-23 15:00:00 UTC", "Search Term": "seh", "Location": ""}, {"Date and time (hourly)": "2021-02-23 15:00:00 UTC", "Search Term": "se", "Location": ""}, {"Date and time (hourly)": "2021-02-23 15:00:00 UTC", "Search Term": "s", "Location": ""}, {"Date and time (hourly)": "2021-02-27 12:00:00 UTC", "Search Term": "zo", "Location": ""}, {"Date and time (hourly)": "2021-02-27 12:00:00 UTC", "Search Term": "z", "Location": ""}, {"Date and time (hourly)": "2021-02-08 16:00:00 UTC", "Search Term": "les ", "Location": ""}, {"Date and time (hourly)": "2021-02-08 16:00:00 UTC", "Search Term": "les", "Location": ""}, {"Date and time (hourly)": "2021-02-08 16:00:00 UTC", "Search Term": "le", "Location": ""}, {"Date and time (hourly)": "2021-02-08 16:00:00 UTC", "Search Term": "l", "Location": ""}, {"Date and time (hourly)": "2021-02-03 13:00:00 UTC", "Search Term": "el", "Location": ""}, {"Date and time (hourly)": "2021-02-03 13:00:00 UTC", "Search Term": "ell", "Location": ""}, {"Date and time (hourly)": "2021-02-03 13:00:00 UTC", "Search Term": "elll", "Location": ""}, {"Date and time (hourly)": "2021-02-03 13:00:00 UTC", "Search Term": "ell", "Location": ""}, {"Date and time (hourly)": "2021-02-03 13:00:00 UTC", "Search Term": "el", "Location": ""}, {"Date and time (hourly)": "2021-02-03 13:00:00 UTC", "Search Term": "e", "Location": ""}, {"Date and time (hourly)": "2021-02-03 13:00:00 UTC", "Search Term": "z", "Location": ""}, {"Date and time (hourly)": "2021-02-03 13:00:00 UTC", "Search Term": "zl", "Location": ""}, {"Date and time (hourly)": "2021-02-03 13:00:00 UTC", "Search Term": "zli", "Location": ""}, {"Date and time (hourly)": "2021-02-03 13:00:00 UTC", "Search Term": "zlio", "Location": ""}, {"Date and time (hourly)": "2021-02-03 13:00:00 UTC", "Search Term": "zliot", "Location": ""}, {"Date and time (hourly)": "2021-02-03 13:00:00 UTC", "Search Term": "zliott", "Location": ""}, {"Date and time (hourly)": "2021-02-03 13:00:00 UTC", "Search Term": "zliot", "Location": ""}, {"Date and time (hourly)": "2021-02-03 13:00:00 UTC", "Search Term": "zlio", "Location": ""}, {"Date and time (hourly)": "2021-02-03 13:00:00 UTC", "Search Term": "zli", "Location": ""}, {"Date and time (hourly)": "2021-02-03 13:00:00 UTC", "Search Term": "zl", "Location": ""}, {"Date and time (hourly)": "2021-02-03 13:00:00 UTC", "Search Term": "z", "Location": ""}, {"Date and time (hourly)": "2021-02-06 21:00:00 UTC", "Search Term": "ali", "Location": ""}, {"Date and time (hourly)": "2021-02-06 21:00:00 UTC", "Search Term": "al", "Location": ""}, {"Date and time (hourly)": "2021-02-06 21:00:00 UTC", "Search Term": "a", "Location": ""}, {"Date and time (hourly)": "2021-02-06 21:00:00 UTC", "Search Term": "z", "Location": ""}, {"Date and time (hourly)": "2021-02-06 21:00:00 UTC", "Search Term": "zy", "Location": ""}, {"Date and time (hourly)": "2021-02-06 21:00:00 UTC", "Search Term": "z", "Location": ""}, {"Date and time (hourly)": "2021-02-23 17:00:00 UTC", "Search Term": "zozo", "Location": ""}, {"Date and time (hourly)": "2021-02-23 17:00:00 UTC", "Search Term": "zoz", "Location": ""}, {"Date and time (hourly)": "2021-02-23 17:00:00 UTC", "Search Term": "zo", "Location": ""}, {"Date and time (hourly)": "2021-02-23 17:00:00 UTC", "Search Term": "z", "Location": ""}, {"Date and time (hourly)": "2021-02-23 17:00:00 UTC", "Search Term": "e", "Location": ""}, {"Date and time (hourly)": "2021-02-23 17:00:00 UTC", "Search Term": "en", "Location": ""}, {"Date and time (hourly)": "2021-02-23 17:00:00 UTC", "Search Term": "e", "Location": ""}, {"Date and time (hourly)": "2021-02-24 21:00:00 UTC", "Search Term": "lar", "Location": ""}, {"Date and time (hourly)": "2021-02-24 21:00:00 UTC", "Search Term": "la", "Location": ""}, {"Date and time (hourly)": "2021-02-24 21:00:00 UTC", "Search Term": "l", "Location": ""}, {"Date and time (hourly)": "2021-02-24 21:00:00 UTC", "Search Term": "t", "Location": ""}, {"Date and time (hourly)": "2021-02-24 21:00:00 UTC", "Search Term": "to", "Location": ""}, {"Date and time (hourly)": "2021-02-24 21:00:00 UTC", "Search Term": "tos", "Location": ""}, {"Date and time (hourly)": "2021-02-24 21:00:00 UTC", "Search Term": "tose", "Location": ""}, {"Date and time (hourly)": "2021-02-24 21:00:00 UTC", "Search Term": "tose ", "Location": ""}, {"Date and time (hourly)": "2021-02-24 21:00:00 UTC", "Search Term": "tose", "Location": ""}, {"Date and time (hourly)": "2021-02-24 21:00:00 UTC", "Search Term": "tos", "Location": ""}, {"Date and time (hourly)": "2021-02-24 21:00:00 UTC", "Search Term": "to", "Location": ""}, {"Date and time (hourly)": "2021-02-24 21:00:00 UTC", "Search Term": "t", "Location": ""}, {"Date and time (hourly)": "2021-02-11 11:00:00 UTC", "Search Term": "zum", "Location": ""}, {"Date and time (hourly)": "2021-02-11 11:00:00 UTC", "Search Term": "zu", "Location": ""}, {"Date and time (hourly)": "2021-02-11 11:00:00 UTC", "Search Term": "z", "Location": ""}, {"Date and time (hourly)": "2021-02-02 10:00:00 UTC", "Search Term": "coeur", "Location": "lat 45.83 \u00b1 35.33 meters, long -0.87 \u00b1 35.33 meters"}, {"Date and time (hourly)": "2021-02-20 10:00:00 UTC", "Search Term": "red bar", "Location": "lat 46.109 \u00b1 35.33 meters, long -0.936 \u00b1 35.33 meters"}, {"Date and time (hourly)": "2021-02-20 10:00:00 UTC", "Search Term": "red ba", "Location": "lat 46.109 \u00b1 35.33 meters, long -0.936 \u00b1 35.33 meters"}, {"Date and time (hourly)": "2021-02-20 10:00:00 UTC", "Search Term": "red ", "Location": "lat 46.109 \u00b1 35.33 meters, long -0.936 \u00b1 35.33 meters"}, {"Date and time (hourly)": "2021-02-27 17:00:00 UTC", "Search Term": "toxi", "Location": ""}, {"Date and time (hourly)": "2021-02-27 17:00:00 UTC", "Search Term": "tox", "Location": ""}, {"Date and time (hourly)": "2021-02-27 17:00:00 UTC", "Search Term": "to", "Location": ""}, {"Date and time (hourly)": "2021-02-27 17:00:00 UTC", "Search Term": "t", "Location": ""}, {"Date and time (hourly)": "2021-02-04 19:00:00 UTC", "Search Term": "ma", "Location": ""}, {"Date and time (hourly)": "2021-02-04 19:00:00 UTC", "Search Term": "mar", "Location": ""}, {"Date and time (hourly)": "2021-02-04 19:00:00 UTC", "Search Term": "mark", "Location": ""}, {"Date and time (hourly)": "2021-02-04 19:00:00 UTC", "Search Term": "marke", "Location": ""}, {"Date and time (hourly)": "2021-02-04 19:00:00 UTC", "Search Term": "markel", "Location": ""}, {"Date and time (hourly)": "2021-02-04 19:00:00 UTC", "Search Term": "marke", "Location": ""}, {"Date and time (hourly)": "2021-02-04 19:00:00 UTC", "Search Term": "mark", "Location": ""}, {"Date and time (hourly)": "2021-02-04 19:00:00 UTC", "Search Term": "mar", "Location": ""}, {"Date and time (hourly)": "2021-02-04 19:00:00 UTC", "Search Term": "ma", "Location": ""}, {"Date and time (hourly)": "2021-02-04 19:00:00 UTC", "Search Term": "m", "Location": ""}, {"Date and time (hourly)": "2021-02-09 14:00:00 UTC", "Search Term": "sev", "Location": ""}, {"Date and time (hourly)": "2021-02-09 14:00:00 UTC", "Search Term": "sevr", "Location": ""}, {"Date and time (hourly)": "2021-02-09 14:00:00 UTC", "Search Term": "sevre", "Location": ""}, {"Date and time (hourly)": "2021-02-09 14:00:00 UTC", "Search Term": "sevr", "Location": ""}, {"Date and time (hourly)": "2021-02-09 14:00:00 UTC", "Search Term": "sev", "Location": ""}, {"Date and time (hourly)": "2021-02-09 14:00:00 UTC", "Search Term": "se", "Location": ""}, {"Date and time (hourly)": "2021-02-09 14:00:00 UTC", "Search Term": "s", "Location": ""}, {"Date and time (hourly)": "2021-02-13 20:00:00 UTC", "Search Term": "zum", "Location": ""}, {"Date and time (hourly)": "2021-02-13 20:00:00 UTC", "Search Term": "zu", "Location": ""}, {"Date and time (hourly)": "2021-02-13 20:00:00 UTC", "Search Term": "z", "Location": ""}, {"Date and time (hourly)": "2021-02-09 20:00:00 UTC", "Search Term": "et", "Location": ""}, {"Date and time (hourly)": "2021-02-09 20:00:00 UTC", "Search Term": "e", "Location": ""}, {"Date and time (hourly)": "2021-02-16 15:00:00 UTC", "Search Term": "noa", "Location": ""}, {"Date and time (hourly)": "2021-02-16 15:00:00 UTC", "Search Term": "no", "Location": ""}, {"Date and time (hourly)": "2021-02-16 15:00:00 UTC", "Search Term": "n", "Location": ""}, {"Date and time (hourly)": "2021-02-04 20:00:00 UTC", "Search Term": "ale", "Location": ""}, {"Date and time (hourly)": "2021-02-04 20:00:00 UTC", "Search Term": "al", "Location": ""}, {"Date and time (hourly)": "2021-02-04 20:00:00 UTC", "Search Term": "a", "Location": ""}, {"Date and time (hourly)": "2021-01-30 13:00:00 UTC", "Search Term": "ses", "Location": ""}, {"Date and time (hourly)": "2021-01-30 13:00:00 UTC", "Search Term": "se", "Location": ""}, {"Date and time (hourly)": "2021-01-30 13:00:00 UTC", "Search Term": "s", "Location": ""}, {"Date and time (hourly)": "2021-02-07 10:00:00 UTC", "Search Term": "s", "Location": ""}, {"Date and time (hourly)": "2021-02-07 10:00:00 UTC", "Search Term": "se", "Location": ""}, {"Date and time (hourly)": "2021-02-07 10:00:00 UTC", "Search Term": "sec", "Location": ""}, {"Date and time (hourly)": "2021-02-07 10:00:00 UTC", "Search Term": "secl", "Location": ""}, {"Date and time (hourly)": "2021-02-07 10:00:00 UTC", "Search Term": "sec", "Location": ""}, {"Date and time (hourly)": "2021-02-07 10:00:00 UTC", "Search Term": "se", "Location": ""}, {"Date and time (hourly)": "2021-02-07 10:00:00 UTC", "Search Term": "s", "Location": ""}, {"Date and time (hourly)": "2021-02-07 10:00:00 UTC", "Search Term": "2", "Location": ""}, {"Date and time (hourly)": "2021-02-07 10:00:00 UTC", "Search Term": "2n", "Location": ""}, {"Date and time (hourly)": "2021-02-07 10:00:00 UTC", "Search Term": "2nd", "Location": ""}, {"Date and time (hourly)": "2021-02-07 10:00:00 UTC", "Search Term": "2nd3", "Location": ""}, {"Date and time (hourly)": "2021-02-07 10:00:00 UTC", "Search Term": "2nd", "Location": ""}, {"Date and time (hourly)": "2021-02-07 10:00:00 UTC", "Search Term": "2n", "Location": ""}, {"Date and time (hourly)": "2021-02-07 10:00:00 UTC", "Search Term": "2", "Location": ""}, {"Date and time (hourly)": "2021-02-23 18:00:00 UTC", "Search Term": "z", "Location": ""}, {"Date and time (hourly)": "2021-02-07 09:00:00 UTC", "Search Term": "lo", "Location": ""}, {"Date and time (hourly)": "2021-02-07 09:00:00 UTC", "Search Term": "l", "Location": ""}, {"Date and time (hourly)": "2021-02-14 15:00:00 UTC", "Search Term": "mara", "Location": ""}, {"Date and time (hourly)": "2021-02-14 15:00:00 UTC", "Search Term": "mar", "Location": ""}, {"Date and time (hourly)": "2021-02-14 15:00:00 UTC", "Search Term": "marr", "Location": ""}, {"Date and time (hourly)": "2021-02-14 15:00:00 UTC", "Search Term": "marra", "Location": ""}, {"Date and time (hourly)": "2021-02-14 15:00:00 UTC", "Search Term": "marr", "Location": ""}, {"Date and time (hourly)": "2021-02-14 15:00:00 UTC", "Search Term": "mar", "Location": ""}, {"Date and time (hourly)": "2021-02-14 15:00:00 UTC", "Search Term": "ma", "Location": ""}, {"Date and time (hourly)": "2021-02-14 15:00:00 UTC", "Search Term": "m", "Location": ""}, {"Date and time (hourly)": "2021-02-08 17:00:00 UTC", "Search Term": "zu", "Location": ""}, {"Date and time (hourly)": "2021-02-08 17:00:00 UTC", "Search Term": "z", "Location": ""}, {"Date and time (hourly)": "2021-02-25 17:00:00 UTC", "Search Term": "nico", "Location": ""}, {"Date and time (hourly)": "2021-02-25 17:00:00 UTC", "Search Term": "nic", "Location": ""}, {"Date and time (hourly)": "2021-02-25 17:00:00 UTC", "Search Term": "ni", "Location": ""}, {"Date and time (hourly)": "2021-02-25 17:00:00 UTC", "Search Term": "n", "Location": ""}, {"Date and time (hourly)": "2021-02-23 15:00:00 UTC", "Search Term": "bapti", "Location": ""}, {"Date and time (hourly)": "2021-02-23 15:00:00 UTC", "Search Term": "bapt", "Location": ""}, {"Date and time (hourly)": "2021-02-23 15:00:00 UTC", "Search Term": "bap", "Location": ""}, {"Date and time (hourly)": "2021-02-23 15:00:00 UTC", "Search Term": "ba", "Location": ""}, {"Date and time (hourly)": "2021-02-23 15:00:00 UTC", "Search Term": "b", "Location": ""}, {"Date and time (hourly)": "2021-02-09 14:00:00 UTC", "Search Term": "se", "Location": ""}, {"Date and time (hourly)": "2021-02-09 14:00:00 UTC", "Search Term": "s", "Location": ""}, {"Date and time (hourly)": "2021-02-04 20:00:00 UTC", "Search Term": "lou", "Location": ""}, {"Date and time (hourly)": "2021-02-04 20:00:00 UTC", "Search Term": "lo", "Location": ""}, {"Date and time (hourly)": "2021-02-04 20:00:00 UTC", "Search Term": "l", "Location": ""}, {"Date and time (hourly)": "2021-02-22 17:00:00 UTC", "Search Term": "nicolas ch", "Location": ""}, {"Date and time (hourly)": "2021-02-22 17:00:00 UTC", "Search Term": "nicolas c", "Location": ""}, {"Date and time (hourly)": "2021-02-22 17:00:00 UTC", "Search Term": "nicolas ", "Location": ""}, {"Date and time (hourly)": "2021-02-22 17:00:00 UTC", "Search Term": "nicolas", "Location": ""}, {"Date and time (hourly)": "2021-02-22 17:00:00 UTC", "Search Term": "nicola", "Location": ""}, {"Date and time (hourly)": "2021-02-22 17:00:00 UTC", "Search Term": "nicol", "Location": ""}, {"Date and time (hourly)": "2021-02-22 17:00:00 UTC", "Search Term": "nico", "Location": ""}, {"Date and time (hourly)": "2021-02-22 17:00:00 UTC", "Search Term": "nic", "Location": ""}, {"Date and time (hourly)": "2021-02-22 17:00:00 UTC", "Search Term": "nico", "Location": ""}, {"Date and time (hourly)": "2021-02-22 17:00:00 UTC", "Search Term": "nicol", "Location": ""}, {"Date and time (hourly)": "2021-02-22 17:00:00 UTC", "Search Term": "nicola", "Location": ""}, {"Date and time (hourly)": "2021-02-22 17:00:00 UTC", "Search Term": "nicolas", "Location": ""}, {"Date and time (hourly)": "2021-02-22 17:00:00 UTC", "Search Term": "nicolas ", "Location": ""}, {"Date and time (hourly)": "2021-02-22 17:00:00 UTC", "Search Term": "nicolas", "Location": ""}, {"Date and time (hourly)": "2021-02-22 17:00:00 UTC", "Search Term": "nicola", "Location": ""}, {"Date and time (hourly)": "2021-02-22 17:00:00 UTC", "Search Term": "nicol", "Location": ""}, {"Date and time (hourly)": "2021-02-22 17:00:00 UTC", "Search Term": "nico", "Location": ""}, {"Date and time (hourly)": "2021-02-22 17:00:00 UTC", "Search Term": "nicoc", "Location": ""}, {"Date and time (hourly)": "2021-02-22 17:00:00 UTC", "Search Term": "nico", "Location": ""}, {"Date and time (hourly)": "2021-02-22 17:00:00 UTC", "Search Term": "nic", "Location": ""}, {"Date and time (hourly)": "2021-02-22 17:00:00 UTC", "Search Term": "ni", "Location": ""}, {"Date and time (hourly)": "2021-02-22 17:00:00 UTC", "Search Term": "n", "Location": ""}, {"Date and time (hourly)": "2021-02-27 11:00:00 UTC", "Search Term": "elio", "Location": ""}, {"Date and time (hourly)": "2021-02-27 11:00:00 UTC", "Search Term": "eli", "Location": ""}, {"Date and time (hourly)": "2021-02-27 11:00:00 UTC", "Search Term": "el", "Location": ""}, {"Date and time (hourly)": "2021-02-27 11:00:00 UTC", "Search Term": "e", "Location": ""}, {"Date and time (hourly)": "2021-02-13 09:00:00 UTC", "Search Term": "na", "Location": ""}, {"Date and time (hourly)": "2021-02-13 09:00:00 UTC", "Search Term": "nal", "Location": ""}, {"Date and time (hourly)": "2021-02-13 09:00:00 UTC", "Search Term": "na", "Location": ""}, {"Date and time (hourly)": "2021-02-13 09:00:00 UTC", "Search Term": "n", "Location": ""}]