{"Received Snap History": [{"From": "cristina_prt", "Media Type": "VIDEO_NO_SOUND", "Created": "2021-03-02 06:58:39 UTC"}, {"From": "neoxrng", "Media Type": "IMAGE", "Created": "2021-03-02 06:48:01 UTC"}, {"From": "cristina_prt", "Media Type": "IMAGE", "Created": "2021-03-02 06:39:26 UTC"}, {"From": "leeloocts", "Media Type": "IMAGE", "Created": "2021-03-02 06:33:07 UTC"}, {"From": "eno_du17", "Media Type": "IMAGE", "Created": "2021-03-02 06:16:04 UTC"}, {"From": "al_ducournau", "Media Type": "IMAGE", "Created": "2021-03-02 06:04:18 UTC"}, {"From": "georges-thomas", "Media Type": "VIDEO_NO_SOUND", "Created": "2021-03-01 22:25:22 UTC"}, {"From": "dlagrange49", "Media Type": "IMAGE", "Created": "2021-03-01 21:14:49 UTC"}, {"From": "alexis.agd", "Media Type": "IMAGE", "Created": "2021-03-01 20:27:41 UTC"}, {"From": "manonherle", "Media Type": "VIDEO_NO_SOUND", "Created": "2021-03-01 20:08:06 UTC"}, {"From": "lgerard525", "Media Type": "IMAGE", "Created": "2021-03-01 19:54:04 UTC"}, {"From": "juju_2942", "Media Type": "IMAGE", "Created": "2021-03-01 17:46:19 UTC"}, {"From": "elena.f135", "Media Type": "IMAGE", "Created": "2021-03-01 17:37:53 UTC"}, {"From": "alexis.agd", "Media Type": "IMAGE", "Created": "2021-03-01 16:54:14 UTC"}, {"From": "constancev2006", "Media Type": "VIDEO", "Created": "2021-03-01 15:22:57 UTC"}, {"From": "cristina_prt", "Media Type": "VIDEO", "Created": "2021-03-01 15:17:52 UTC"}, {"From": "juju_2942", "Media Type": "IMAGE", "Created": "2021-03-01 11:34:38 UTC"}, {"From": "rberziou", "Media Type": "IMAGE", "Created": "2021-03-01 11:11:53 UTC"}, {"From": "alice.dhnn", "Media Type": "VIDEO_NO_SOUND", "Created": "2021-03-01 09:34:53 UTC"}, {"From": "constancev2006", "Media Type": "IMAGE", "Created": "2021-03-01 09:19:48 UTC"}, {"From": "cristina_prt", "Media Type": "VIDEO_NO_SOUND", "Created": "2021-03-01 08:39:26 UTC"}, {"From": "cristina_prt", "Media Type": "VIDEO_NO_SOUND", "Created": "2021-03-01 08:34:43 UTC"}, {"From": "cristina_prt", "Media Type": "VIDEO_NO_SOUND", "Created": "2021-03-01 07:53:25 UTC"}, {"From": "cristina_prt", "Media Type": "IMAGE", "Created": "2021-03-01 07:53:21 UTC"}, {"From": "eno_du17", "Media Type": "IMAGE", "Created": "2021-03-01 07:31:17 UTC"}, {"From": "leeloocts", "Media Type": "IMAGE", "Created": "2021-03-01 06:46:02 UTC"}, {"From": "maelyss.109", "Media Type": "IMAGE", "Created": "2021-03-01 06:21:10 UTC"}, {"From": "al_ducournau", "Media Type": "IMAGE", "Created": "2021-03-01 06:11:12 UTC"}, {"From": "juju_2942", "Media Type": "IMAGE", "Created": "2021-03-01 06:03:59 UTC"}, {"From": "lgerard525", "Media Type": "IMAGE", "Created": "2021-03-01 05:35:36 UTC"}, {"From": "rberziou", "Media Type": "IMAGE", "Created": "2021-02-28 21:44:35 UTC"}, {"From": "neoxrng", "Media Type": "IMAGE", "Created": "2021-02-28 21:39:35 UTC"}, {"From": "maelyss.109", "Media Type": "IMAGE", "Created": "2021-02-28 21:16:47 UTC"}, {"From": "lgerard525", "Media Type": "VIDEO_NO_SOUND", "Created": "2021-02-28 20:36:10 UTC"}, {"From": "georges-thomas", "Media Type": "VIDEO", "Created": "2021-02-28 20:28:25 UTC"}, {"From": "elena.f135", "Media Type": "IMAGE", "Created": "2021-02-28 17:52:10 UTC"}, {"From": "juju_2942", "Media Type": "IMAGE", "Created": "2021-02-28 17:40:05 UTC"}, {"From": "cristina_prt", "Media Type": "IMAGE", "Created": "2021-02-28 17:37:08 UTC"}, {"From": "eno_du17", "Media Type": "IMAGE", "Created": "2021-02-28 16:27:32 UTC"}, {"From": "manonherle", "Media Type": "IMAGE", "Created": "2021-02-28 16:23:49 UTC"}, {"From": "cristina_prt", "Media Type": "IMAGE", "Created": "2021-02-28 16:05:29 UTC"}, {"From": "alice.dhnn", "Media Type": "IMAGE", "Created": "2021-02-28 15:23:03 UTC"}, {"From": "dlagrange49", "Media Type": "IMAGE", "Created": "2021-02-28 14:58:00 UTC"}, {"From": "maelyss.109", "Media Type": "IMAGE", "Created": "2021-02-28 12:14:38 UTC"}, {"From": "rberziou", "Media Type": "IMAGE", "Created": "2021-02-28 11:34:57 UTC"}, {"From": "alice.dhnn", "Media Type": "VIDEO", "Created": "2021-02-28 11:14:40 UTC"}, {"From": "constancev2006", "Media Type": "IMAGE", "Created": "2021-02-28 09:08:27 UTC"}, {"From": "al_ducournau", "Media Type": "IMAGE", "Created": "2021-02-28 09:06:54 UTC"}, {"From": "lgerard525", "Media Type": "IMAGE", "Created": "2021-02-28 01:11:28 UTC"}, {"From": "georges-thomas", "Media Type": "IMAGE", "Created": "2021-02-27 22:48:53 UTC"}, {"From": "juju_2942", "Media Type": "IMAGE", "Created": "2021-02-27 22:10:18 UTC"}, {"From": "neoxrng", "Media Type": "IMAGE", "Created": "2021-02-27 21:17:36 UTC"}, {"From": "dlagrange49", "Media Type": "IMAGE", "Created": "2021-02-27 21:09:44 UTC"}, {"From": "nanacosse55", "Media Type": "IMAGE", "Created": "2021-02-27 20:33:00 UTC"}, {"From": "cristina_prt", "Media Type": "IMAGE", "Created": "2021-02-27 20:02:34 UTC"}, {"From": "eno_du17", "Media Type": "IMAGE", "Created": "2021-02-27 19:32:39 UTC"}, {"From": "elena.f135", "Media Type": "IMAGE", "Created": "2021-02-27 18:15:01 UTC"}, {"From": "rberziou", "Media Type": "IMAGE", "Created": "2021-02-27 17:30:28 UTC"}, {"From": "manonherle", "Media Type": "IMAGE", "Created": "2021-02-27 16:58:12 UTC"}, {"From": "cristina_prt", "Media Type": "VIDEO_NO_SOUND", "Created": "2021-02-27 16:57:28 UTC"}, {"From": "cristina_prt", "Media Type": "VIDEO_NO_SOUND", "Created": "2021-02-27 14:01:46 UTC"}, {"From": "maelyss.109", "Media Type": "IMAGE", "Created": "2021-02-27 11:52:45 UTC"}, {"From": "eno_du17", "Media Type": "IMAGE", "Created": "2021-02-27 10:39:46 UTC"}, {"From": "maelyss.109", "Media Type": "VIDEO_NO_SOUND", "Created": "2021-02-27 10:01:35 UTC"}, {"From": "cristina_prt", "Media Type": "IMAGE", "Created": "2021-02-27 09:54:09 UTC"}, {"From": "cristina_prt", "Media Type": "IMAGE", "Created": "2021-02-27 09:26:20 UTC"}, {"From": "manonfcn17480", "Media Type": "IMAGE", "Created": "2021-02-27 09:25:12 UTC"}, {"From": "constancev2006", "Media Type": "IMAGE", "Created": "2021-02-27 08:30:35 UTC"}, {"From": "al_ducournau", "Media Type": "IMAGE", "Created": "2021-02-27 07:38:58 UTC"}, {"From": "lgerard525", "Media Type": "IMAGE", "Created": "2021-02-27 00:15:02 UTC"}, {"From": "cristina_prt", "Media Type": "IMAGE", "Created": "2021-02-26 23:06:31 UTC"}, {"From": "georges-thomas", "Media Type": "IMAGE", "Created": "2021-02-26 22:29:25 UTC"}, {"From": "nanacosse55", "Media Type": "IMAGE", "Created": "2021-02-26 21:29:40 UTC"}, {"From": "elena.f135", "Media Type": "IMAGE", "Created": "2021-02-26 17:32:16 UTC"}, {"From": "cristina_prt", "Media Type": "VIDEO", "Created": "2021-02-26 17:26:41 UTC"}, {"From": "manonfcn17480", "Media Type": "IMAGE", "Created": "2021-02-26 15:49:08 UTC"}, {"From": "neoxrng", "Media Type": "IMAGE", "Created": "2021-02-26 15:40:24 UTC"}, {"From": "tetelle1778", "Media Type": "IMAGE", "Created": "2021-02-26 15:19:42 UTC"}, {"From": "constancev2006", "Media Type": "IMAGE", "Created": "2021-02-26 15:13:12 UTC"}, {"From": "cristina_prt", "Media Type": "IMAGE", "Created": "2021-02-26 14:41:14 UTC"}, {"From": "rberziou", "Media Type": "IMAGE", "Created": "2021-02-26 12:43:40 UTC"}, {"From": "cristina_prt", "Media Type": "VIDEO_NO_SOUND", "Created": "2021-02-26 11:02:25 UTC"}, {"From": "cristina_prt", "Media Type": "IMAGE", "Created": "2021-02-26 11:00:18 UTC"}, {"From": "nanacosse55", "Media Type": "IMAGE", "Created": "2021-02-26 10:24:36 UTC"}, {"From": "constancev2006", "Media Type": "IMAGE", "Created": "2021-02-26 09:58:34 UTC"}, {"From": "tetelle1778", "Media Type": "IMAGE", "Created": "2021-02-26 08:25:21 UTC"}, {"From": "maelyss.109", "Media Type": "IMAGE", "Created": "2021-02-26 07:50:54 UTC"}, {"From": "leeloocts", "Media Type": "IMAGE", "Created": "2021-02-26 07:28:00 UTC"}, {"From": "al_ducournau", "Media Type": "IMAGE", "Created": "2021-02-26 06:44:34 UTC"}, {"From": "airdepog", "Media Type": "IMAGE", "Created": "2021-02-26 06:30:42 UTC"}, {"From": "rberziou", "Media Type": "IMAGE", "Created": "2021-02-26 06:16:01 UTC"}, {"From": "alexis.agd", "Media Type": "IMAGE", "Created": "2021-02-26 04:37:56 UTC"}, {"From": "georges-thomas", "Media Type": "IMAGE", "Created": "2021-02-25 22:07:08 UTC"}, {"From": "lgerard525", "Media Type": "IMAGE", "Created": "2021-02-25 21:06:01 UTC"}, {"From": "nanacosse55", "Media Type": "IMAGE", "Created": "2021-02-25 20:47:29 UTC"}, {"From": "elena.f135", "Media Type": "IMAGE", "Created": "2021-02-25 20:13:21 UTC"}, {"From": "neoxrng", "Media Type": "VIDEO_NO_SOUND", "Created": "2021-02-25 18:26:05 UTC"}, {"From": "eno_du17", "Media Type": "VIDEO_NO_SOUND", "Created": "2021-02-25 18:17:46 UTC"}, {"From": "constancev2006", "Media Type": "IMAGE", "Created": "2021-02-25 17:05:55 UTC"}, {"From": "leeloocts", "Media Type": "IMAGE", "Created": "2021-02-25 14:30:38 UTC"}, {"From": "alexis.agd", "Media Type": "IMAGE", "Created": "2021-02-25 12:44:58 UTC"}, {"From": "georges-thomas", "Media Type": "VIDEO_NO_SOUND", "Created": "2021-02-25 12:41:48 UTC"}, {"From": "cristina_prt", "Media Type": "IMAGE", "Created": "2021-02-25 11:28:07 UTC"}, {"From": "cristina_prt", "Media Type": "IMAGE", "Created": "2021-02-25 11:28:04 UTC"}, {"From": "airdepog", "Media Type": "IMAGE", "Created": "2021-02-25 10:37:13 UTC"}, {"From": "maelyss.109", "Media Type": "IMAGE", "Created": "2021-02-25 09:36:51 UTC"}, {"From": "airdepog", "Media Type": "IMAGE", "Created": "2021-02-25 09:11:54 UTC"}, {"From": "rberziou", "Media Type": "IMAGE", "Created": "2021-02-25 08:56:41 UTC"}, {"From": "tetelle1778", "Media Type": "IMAGE", "Created": "2021-02-25 07:55:59 UTC"}, {"From": "leeloocts", "Media Type": "IMAGE", "Created": "2021-02-25 07:26:12 UTC"}, {"From": "manonfcn17480", "Media Type": "IMAGE", "Created": "2021-02-25 06:48:55 UTC"}, {"From": "al_ducournau", "Media Type": "IMAGE", "Created": "2021-02-25 06:39:20 UTC"}, {"From": "eno_du17", "Media Type": "IMAGE", "Created": "2021-02-25 06:37:59 UTC"}, {"From": "rberziou", "Media Type": "IMAGE", "Created": "2021-02-25 06:13:22 UTC"}, {"From": "lgerard525", "Media Type": "IMAGE", "Created": "2021-02-24 22:44:03 UTC"}, {"From": "georges-thomas", "Media Type": "IMAGE", "Created": "2021-02-24 21:17:26 UTC"}, {"From": "eno_du17", "Media Type": "IMAGE", "Created": "2021-02-24 19:36:29 UTC"}, {"From": "elena.f135", "Media Type": "IMAGE", "Created": "2021-02-24 18:11:11 UTC"}, {"From": "rberziou", "Media Type": "IMAGE", "Created": "2021-02-24 17:50:34 UTC"}, {"From": "cristina_prt", "Media Type": "IMAGE", "Created": "2021-02-24 17:22:46 UTC"}, {"From": "cristina_prt", "Media Type": "IMAGE", "Created": "2021-02-24 16:06:50 UTC"}, {"From": "cristina_prt", "Media Type": "IMAGE", "Created": "2021-02-24 16:04:45 UTC"}, {"From": "constancev2006", "Media Type": "VIDEO", "Created": "2021-02-24 14:00:27 UTC"}, {"From": "airdepog", "Media Type": "VIDEO", "Created": "2021-02-24 13:08:44 UTC"}, {"From": "eno_du17", "Media Type": "IMAGE", "Created": "2021-02-24 11:20:17 UTC"}, {"From": "constancev2006", "Media Type": "IMAGE", "Created": "2021-02-24 09:37:47 UTC"}, {"From": "lgerard525", "Media Type": "IMAGE", "Created": "2021-02-24 08:32:57 UTC"}, {"From": "tetelle1778", "Media Type": "IMAGE", "Created": "2021-02-24 07:39:00 UTC"}, {"From": "al_ducournau", "Media Type": "IMAGE", "Created": "2021-02-24 06:44:44 UTC"}, {"From": "maelyss.109", "Media Type": "IMAGE", "Created": "2021-02-24 06:43:47 UTC"}, {"From": "eno_du17", "Media Type": "IMAGE", "Created": "2021-02-24 06:35:49 UTC"}, {"From": "rberziou", "Media Type": "IMAGE", "Created": "2021-02-24 06:10:58 UTC"}, {"From": "rberziou", "Media Type": "IMAGE", "Created": "2021-02-23 22:00:12 UTC"}, {"From": "georges-thomas", "Media Type": "IMAGE", "Created": "2021-02-23 20:33:36 UTC"}, {"From": "alexis.agd", "Media Type": "IMAGE", "Created": "2021-02-23 19:20:55 UTC"}, {"From": "elena.f135", "Media Type": "IMAGE", "Created": "2021-02-23 18:24:59 UTC"}, {"From": "constancev2006", "Media Type": "IMAGE", "Created": "2021-02-23 18:17:57 UTC"}, {"From": "lgerard525", "Media Type": "IMAGE", "Created": "2021-02-23 18:02:53 UTC"}, {"From": "eno_du17", "Media Type": "IMAGE", "Created": "2021-02-23 17:38:31 UTC"}, {"From": "cristina_prt", "Media Type": "IMAGE", "Created": "2021-02-23 17:16:14 UTC"}, {"From": "cristina_prt", "Media Type": "VIDEO", "Created": "2021-02-23 17:14:11 UTC"}, {"From": "cristina_prt", "Media Type": "IMAGE", "Created": "2021-02-23 17:14:07 UTC"}, {"From": "rberziou", "Media Type": "VIDEO", "Created": "2021-02-23 16:32:51 UTC"}, {"From": "airdepog", "Media Type": "IMAGE", "Created": "2021-02-23 16:03:14 UTC"}, {"From": "constancev2006", "Media Type": "VIDEO", "Created": "2021-02-23 13:00:27 UTC"}, {"From": "leeloocts", "Media Type": "IMAGE", "Created": "2021-02-23 11:41:38 UTC"}, {"From": "neoxrng", "Media Type": "IMAGE", "Created": "2021-02-23 11:35:06 UTC"}, {"From": "manonfcn17480", "Media Type": "IMAGE", "Created": "2021-02-23 11:26:54 UTC"}, {"From": "maelyss.109", "Media Type": "IMAGE", "Created": "2021-02-23 08:14:34 UTC"}, {"From": "al_ducournau", "Media Type": "IMAGE", "Created": "2021-02-23 06:40:25 UTC"}, {"From": "georges-thomas", "Media Type": "IMAGE", "Created": "2021-02-23 06:34:28 UTC"}, {"From": "tetelle1778", "Media Type": "IMAGE", "Created": "2021-02-23 06:21:40 UTC"}, {"From": "rberziou", "Media Type": "IMAGE", "Created": "2021-02-23 06:17:37 UTC"}, {"From": "lgerard525", "Media Type": "IMAGE", "Created": "2021-02-23 06:01:24 UTC"}, {"From": "lgerard525", "Media Type": "IMAGE", "Created": "2021-02-22 22:20:32 UTC"}, {"From": "georges-thomas", "Media Type": "IMAGE", "Created": "2021-02-22 20:07:51 UTC"}, {"From": "maelyss.109", "Media Type": "IMAGE", "Created": "2021-02-22 18:45:07 UTC"}, {"From": "cristina_prt", "Media Type": "VIDEO_NO_SOUND", "Created": "2021-02-22 18:31:52 UTC"}, {"From": "elena.f135", "Media Type": "IMAGE", "Created": "2021-02-22 18:19:41 UTC"}, {"From": "rberziou", "Media Type": "IMAGE", "Created": "2021-02-22 16:55:58 UTC"}, {"From": "constancev2006", "Media Type": "VIDEO", "Created": "2021-02-22 15:56:47 UTC"}, {"From": "airdepog", "Media Type": "IMAGE", "Created": "2021-02-22 14:52:27 UTC"}, {"From": "rberziou", "Media Type": "IMAGE", "Created": "2021-02-22 12:59:17 UTC"}, {"From": "leeloocts", "Media Type": "IMAGE", "Created": "2021-02-22 11:26:17 UTC"}, {"From": "cristina_prt", "Media Type": "IMAGE", "Created": "2021-02-22 11:02:44 UTC"}, {"From": "georges-thomas", "Media Type": "IMAGE", "Created": "2021-02-22 10:41:23 UTC"}, {"From": "constancev2006", "Media Type": "IMAGE", "Created": "2021-02-22 08:40:46 UTC"}, {"From": "tetelle1778", "Media Type": "IMAGE", "Created": "2021-02-22 06:37:56 UTC"}, {"From": "al_ducournau", "Media Type": "IMAGE", "Created": "2021-02-22 06:18:42 UTC"}, {"From": "georges-thomas", "Media Type": "IMAGE", "Created": "2021-02-22 06:11:57 UTC"}, {"From": "alexis.agd", "Media Type": "IMAGE", "Created": "2021-02-22 02:59:24 UTC"}, {"From": "lgerard525", "Media Type": "IMAGE", "Created": "2021-02-21 21:28:32 UTC"}, {"From": "neoxrng", "Media Type": "IMAGE", "Created": "2021-02-21 20:18:54 UTC"}, {"From": "georges-thomas", "Media Type": "IMAGE", "Created": "2021-02-21 20:18:04 UTC"}, {"From": "manonfcn17480", "Media Type": "IMAGE", "Created": "2021-02-21 19:55:10 UTC"}, {"From": "elena.f135", "Media Type": "IMAGE", "Created": "2021-02-21 18:26:34 UTC"}, {"From": "maelyss.109", "Media Type": "IMAGE", "Created": "2021-02-21 17:34:20 UTC"}, {"From": "rberziou", "Media Type": "IMAGE", "Created": "2021-02-21 16:55:05 UTC"}, {"From": "constancev2006", "Media Type": "VIDEO", "Created": "2021-02-21 15:20:56 UTC"}, {"From": "cristina_prt", "Media Type": "IMAGE", "Created": "2021-02-21 13:54:02 UTC"}, {"From": "cristina_prt", "Media Type": "IMAGE", "Created": "2021-02-21 11:42:39 UTC"}, {"From": "leeloocts", "Media Type": "IMAGE", "Created": "2021-02-21 11:21:47 UTC"}, {"From": "maelyss.109", "Media Type": "IMAGE", "Created": "2021-02-21 10:38:30 UTC"}, {"From": "eno_du17", "Media Type": "IMAGE", "Created": "2021-02-21 10:22:52 UTC"}, {"From": "tetelle1778", "Media Type": "IMAGE", "Created": "2021-02-21 09:23:12 UTC"}, {"From": "constancev2006", "Media Type": "IMAGE", "Created": "2021-02-21 07:49:53 UTC"}, {"From": "al_ducournau", "Media Type": "IMAGE", "Created": "2021-02-21 06:47:47 UTC"}, {"From": "georges-thomas", "Media Type": "IMAGE", "Created": "2021-02-20 22:15:03 UTC"}, {"From": "alexis.agd", "Media Type": "IMAGE", "Created": "2021-02-20 20:24:58 UTC"}, {"From": "lgerard525", "Media Type": "IMAGE", "Created": "2021-02-20 20:16:59 UTC"}, {"From": "airdepog", "Media Type": "IMAGE", "Created": "2021-02-20 20:11:17 UTC"}, {"From": "elena.f135", "Media Type": "IMAGE", "Created": "2021-02-20 18:12:51 UTC"}, {"From": "neoxrng", "Media Type": "IMAGE", "Created": "2021-02-20 17:49:04 UTC"}, {"From": "cristina_prt", "Media Type": "VIDEO", "Created": "2021-02-20 17:18:17 UTC"}, {"From": "manonfcn17480", "Media Type": "IMAGE", "Created": "2021-02-20 14:50:46 UTC"}, {"From": "maelyss.109", "Media Type": "IMAGE", "Created": "2021-02-20 12:19:58 UTC"}, {"From": "leeloocts", "Media Type": "IMAGE", "Created": "2021-02-20 12:07:10 UTC"}, {"From": "cristina_prt", "Media Type": "IMAGE", "Created": "2021-02-20 11:14:23 UTC"}, {"From": "cristina_prt", "Media Type": "IMAGE", "Created": "2021-02-20 11:13:21 UTC"}, {"From": "eno_du17", "Media Type": "IMAGE", "Created": "2021-02-20 10:22:16 UTC"}, {"From": "tetelle1778", "Media Type": "IMAGE", "Created": "2021-02-20 10:06:13 UTC"}, {"From": "rberziou", "Media Type": "IMAGE", "Created": "2021-02-20 09:22:29 UTC"}, {"From": "alexis.agd", "Media Type": "IMAGE", "Created": "2021-02-20 09:10:00 UTC"}, {"From": "constancev2006", "Media Type": "VIDEO", "Created": "2021-02-20 09:07:36 UTC"}, {"From": "al_ducournau", "Media Type": "IMAGE", "Created": "2021-02-20 07:42:34 UTC"}, {"From": "georges-thomas", "Media Type": "IMAGE", "Created": "2021-02-20 02:37:02 UTC"}, {"From": "rberziou", "Media Type": "IMAGE", "Created": "2021-02-20 01:34:57 UTC"}, {"From": "lgerard525", "Media Type": "IMAGE", "Created": "2021-02-20 01:13:01 UTC"}, {"From": "manonfcn17480", "Media Type": "IMAGE", "Created": "2021-02-19 23:25:59 UTC"}, {"From": "rberziou", "Media Type": "VIDEO", "Created": "2021-02-19 21:34:52 UTC"}, {"From": "airdepog", "Media Type": "IMAGE", "Created": "2021-02-19 20:14:56 UTC"}, {"From": "elena.f135", "Media Type": "IMAGE", "Created": "2021-02-19 18:11:19 UTC"}, {"From": "lgerard525", "Media Type": "IMAGE", "Created": "2021-02-19 18:02:03 UTC"}, {"From": "eno_du17", "Media Type": "IMAGE", "Created": "2021-02-19 17:53:10 UTC"}, {"From": "tetelle1778", "Media Type": "IMAGE", "Created": "2021-02-19 17:32:35 UTC"}, {"From": "rberziou", "Media Type": "IMAGE", "Created": "2021-02-19 17:27:26 UTC"}, {"From": "neoxrng", "Media Type": "IMAGE", "Created": "2021-02-19 16:03:19 UTC"}, {"From": "cristina_prt", "Media Type": "IMAGE", "Created": "2021-02-19 11:36:34 UTC"}, {"From": "manonfcn17480", "Media Type": "IMAGE", "Created": "2021-02-19 11:14:55 UTC"}, {"From": "rberziou", "Media Type": "IMAGE", "Created": "2021-02-19 10:00:15 UTC"}, {"From": "leeloocts", "Media Type": "IMAGE", "Created": "2021-02-19 09:19:11 UTC"}, {"From": "maelyss.109", "Media Type": "IMAGE", "Created": "2021-02-19 08:39:06 UTC"}, {"From": "alexis.agd", "Media Type": "IMAGE", "Created": "2021-02-19 07:49:08 UTC"}, {"From": "al_ducournau", "Media Type": "IMAGE", "Created": "2021-02-19 07:19:32 UTC"}, {"From": "constancev2006", "Media Type": "IMAGE", "Created": "2021-02-19 06:49:16 UTC"}, {"From": "airdepog", "Media Type": "IMAGE", "Created": "2021-02-18 22:23:13 UTC"}, {"From": "alexis.agd", "Media Type": "IMAGE", "Created": "2021-02-18 22:12:08 UTC"}, {"From": "georges-thomas", "Media Type": "IMAGE", "Created": "2021-02-18 22:03:15 UTC"}, {"From": "maelyss.109", "Media Type": "VIDEO", "Created": "2021-02-18 19:42:02 UTC"}, {"From": "tetelle1778", "Media Type": "IMAGE", "Created": "2021-02-18 17:49:14 UTC"}, {"From": "cristina_prt", "Media Type": "IMAGE", "Created": "2021-02-18 17:41:43 UTC"}, {"From": "elena.f135", "Media Type": "IMAGE", "Created": "2021-02-18 17:03:43 UTC"}, {"From": "rberziou", "Media Type": "VIDEO", "Created": "2021-02-18 16:22:23 UTC"}, {"From": "cristina_prt", "Media Type": "VIDEO_NO_SOUND", "Created": "2021-02-18 15:14:00 UTC"}, {"From": "cristina_prt", "Media Type": "VIDEO", "Created": "2021-02-18 15:13:57 UTC"}, {"From": "manonfcn17480", "Media Type": "IMAGE", "Created": "2021-02-18 13:44:20 UTC"}, {"From": "eno_du17", "Media Type": "IMAGE", "Created": "2021-02-18 13:34:07 UTC"}, {"From": "neoxrng", "Media Type": "IMAGE", "Created": "2021-02-18 12:54:53 UTC"}, {"From": "lgerard525", "Media Type": "IMAGE", "Created": "2021-02-18 11:27:47 UTC"}, {"From": "cristina_prt", "Media Type": "IMAGE", "Created": "2021-02-18 11:05:53 UTC"}, {"From": "leeloocts", "Media Type": "IMAGE", "Created": "2021-02-18 10:46:02 UTC"}, {"From": "rberziou", "Media Type": "IMAGE", "Created": "2021-02-18 09:56:48 UTC"}, {"From": "tetelle1778", "Media Type": "IMAGE", "Created": "2021-02-18 09:19:04 UTC"}, {"From": "al_ducournau", "Media Type": "IMAGE", "Created": "2021-02-18 07:32:20 UTC"}, {"From": "constancev2006", "Media Type": "IMAGE", "Created": "2021-02-18 07:17:42 UTC"}, {"From": "neoxrng", "Media Type": "IMAGE", "Created": "2021-02-17 23:05:32 UTC"}, {"From": "georges-thomas", "Media Type": "IMAGE", "Created": "2021-02-17 22:44:16 UTC"}, {"From": "airdepog", "Media Type": "IMAGE", "Created": "2021-02-17 20:10:38 UTC"}, {"From": "maelyss.109", "Media Type": "VIDEO", "Created": "2021-02-17 20:06:33 UTC"}, {"From": "alexis.agd", "Media Type": "IMAGE", "Created": "2021-02-17 19:01:04 UTC"}, {"From": "constancev2006", "Media Type": "IMAGE", "Created": "2021-02-17 17:02:01 UTC"}, {"From": "neoxrng", "Media Type": "IMAGE", "Created": "2021-02-17 16:59:40 UTC"}, {"From": "lgerard525", "Media Type": "IMAGE", "Created": "2021-02-17 10:17:11 UTC"}, {"From": "maelyss.109", "Media Type": "VIDEO", "Created": "2021-02-17 07:31:28 UTC"}, {"From": "alexis.agd", "Media Type": "VIDEO_NO_SOUND", "Created": "2021-02-16 19:01:39 UTC"}, {"From": "maelyss.109", "Media Type": "IMAGE", "Created": "2021-02-16 18:25:36 UTC"}, {"From": "constancev2006", "Media Type": "IMAGE", "Created": "2021-02-16 14:56:38 UTC"}, {"From": "neoxrng", "Media Type": "IMAGE", "Created": "2021-02-16 14:02:01 UTC"}, {"From": "airdepog", "Media Type": "IMAGE", "Created": "2021-02-16 12:12:23 UTC"}, {"From": "lgerard525", "Media Type": "IMAGE", "Created": "2021-02-16 10:49:59 UTC"}, {"From": "maelyss.109", "Media Type": "IMAGE", "Created": "2021-02-16 07:35:35 UTC"}, {"From": "alexis.agd", "Media Type": "IMAGE", "Created": "2021-02-15 14:05:57 UTC"}, {"From": "neoxrng", "Media Type": "IMAGE", "Created": "2021-02-15 12:13:40 UTC"}, {"From": "airdepog", "Media Type": "IMAGE", "Created": "2021-02-15 12:11:25 UTC"}, {"From": "alexis.agd", "Media Type": "IMAGE", "Created": "2021-02-15 10:34:42 UTC"}, {"From": "maelyss.109", "Media Type": "IMAGE", "Created": "2021-02-15 08:44:47 UTC"}, {"From": "constancev2006", "Media Type": "IMAGE", "Created": "2021-02-15 07:11:44 UTC"}, {"From": "airdepog", "Media Type": "IMAGE", "Created": "2021-02-14 19:28:20 UTC"}, {"From": "alexis.agd", "Media Type": "IMAGE", "Created": "2021-02-14 18:28:44 UTC"}, {"From": "maelyss.109", "Media Type": "VIDEO", "Created": "2021-02-14 12:57:47 UTC"}, {"From": "constancev2006", "Media Type": "VIDEO", "Created": "2021-02-14 11:58:15 UTC"}, {"From": "alexis.agd", "Media Type": "IMAGE", "Created": "2021-02-14 09:39:05 UTC"}, {"From": "airdepog", "Media Type": "IMAGE", "Created": "2021-02-13 17:53:23 UTC"}, {"From": "alexis.agd", "Media Type": "IMAGE", "Created": "2021-02-13 14:25:20 UTC"}, {"From": "maelyss.109", "Media Type": "IMAGE", "Created": "2021-02-13 08:58:45 UTC"}, {"From": "constancev2006", "Media Type": "IMAGE", "Created": "2021-02-13 08:53:10 UTC"}, {"From": "alexis.agd", "Media Type": "IMAGE", "Created": "2021-02-12 22:55:40 UTC"}, {"From": "maelyss.109", "Media Type": "IMAGE", "Created": "2021-02-12 20:31:12 UTC"}, {"From": "airdepog", "Media Type": "IMAGE", "Created": "2021-02-12 19:08:14 UTC"}, {"From": "maelyss.109", "Media Type": "IMAGE", "Created": "2021-02-12 09:25:28 UTC"}, {"From": "constancev2006", "Media Type": "IMAGE", "Created": "2021-02-12 06:57:31 UTC"}, {"From": "alexis.agd", "Media Type": "IMAGE", "Created": "2021-02-11 21:08:12 UTC"}, {"From": "constancev2006", "Media Type": "IMAGE", "Created": "2021-02-11 15:16:59 UTC"}, {"From": "airdepog", "Media Type": "VIDEO_NO_SOUND", "Created": "2021-02-11 12:48:18 UTC"}, {"From": "maelyss.109", "Media Type": "IMAGE", "Created": "2021-02-11 09:25:24 UTC"}, {"From": "constancev2006", "Media Type": "IMAGE", "Created": "2021-02-11 06:55:10 UTC"}, {"From": "alexis.agd", "Media Type": "IMAGE", "Created": "2021-02-10 23:29:47 UTC"}, {"From": "alexis.agd", "Media Type": "IMAGE", "Created": "2021-02-10 21:24:42 UTC"}, {"From": "constancev2006", "Media Type": "IMAGE", "Created": "2021-02-10 19:06:46 UTC"}, {"From": "maelyss.109", "Media Type": "IMAGE", "Created": "2021-02-10 09:22:37 UTC"}, {"From": "constancev2006", "Media Type": "IMAGE", "Created": "2021-02-09 20:47:00 UTC"}, {"From": "maelyss.109", "Media Type": "IMAGE", "Created": "2021-02-09 20:46:16 UTC"}, {"From": "alexis.agd", "Media Type": "IMAGE", "Created": "2021-02-09 18:30:41 UTC"}, {"From": "maelyss.109", "Media Type": "IMAGE", "Created": "2021-02-09 09:24:39 UTC"}, {"From": "alexis.agd", "Media Type": "IMAGE", "Created": "2021-02-08 20:55:01 UTC"}, {"From": "maelyss.109", "Media Type": "VIDEO", "Created": "2021-02-08 19:35:58 UTC"}, {"From": "maelyss.109", "Media Type": "IMAGE", "Created": "2021-02-08 09:40:26 UTC"}, {"From": "constancev2006", "Media Type": "IMAGE", "Created": "2021-02-08 07:14:38 UTC"}, {"From": "maelyss.109", "Media Type": "IMAGE", "Created": "2021-02-07 15:51:11 UTC"}, {"From": "constancev2006", "Media Type": "IMAGE", "Created": "2021-02-07 13:15:17 UTC"}, {"From": "constancev2006", "Media Type": "IMAGE", "Created": "2021-02-07 06:26:15 UTC"}, {"From": "maelyss.109", "Media Type": "IMAGE", "Created": "2021-02-06 13:05:15 UTC"}, {"From": "maelyss.109", "Media Type": "IMAGE", "Created": "2021-02-06 08:39:02 UTC"}, {"From": "constancev2006", "Media Type": "IMAGE", "Created": "2021-02-06 07:39:53 UTC"}, {"From": "constancev2006", "Media Type": "IMAGE", "Created": "2021-02-05 18:35:00 UTC"}, {"From": "maelyss.109", "Media Type": "IMAGE", "Created": "2021-02-05 17:53:04 UTC"}, {"From": "maelyss.109", "Media Type": "VIDEO_NO_SOUND", "Created": "2021-02-05 12:44:41 UTC"}, {"From": "constancev2006", "Media Type": "IMAGE", "Created": "2021-02-05 07:01:03 UTC"}, {"From": "maelyss.109", "Media Type": "IMAGE", "Created": "2021-02-04 17:50:33 UTC"}, {"From": "constancev2006", "Media Type": "IMAGE", "Created": "2021-02-04 06:59:13 UTC"}, {"From": "constancev2006", "Media Type": "IMAGE", "Created": "2021-02-03 18:10:13 UTC"}, {"From": "maelyss.109", "Media Type": "IMAGE", "Created": "2021-02-03 06:55:23 UTC"}, {"From": "constancev2006", "Media Type": "VIDEO", "Created": "2021-02-02 15:56:21 UTC"}, {"From": "maelyss.109", "Media Type": "IMAGE", "Created": "2021-02-02 07:50:44 UTC"}, {"From": "constancev2006", "Media Type": "IMAGE", "Created": "2021-02-02 06:57:39 UTC"}, {"From": "maelyss.109", "Media Type": "IMAGE", "Created": "2021-02-01 18:21:46 UTC"}, {"From": "constancev2006", "Media Type": "VIDEO_NO_SOUND", "Created": "2021-02-01 16:01:14 UTC"}, {"From": "maelyss.109", "Media Type": "IMAGE", "Created": "2021-02-01 11:23:07 UTC"}, {"From": "constancev2006", "Media Type": "IMAGE", "Created": "2021-02-01 06:49:19 UTC"}, {"From": "maelyss.109", "Media Type": "IMAGE", "Created": "2021-01-31 17:57:35 UTC"}, {"From": "constancev2006", "Media Type": "IMAGE", "Created": "2021-01-31 12:01:44 UTC"}, {"From": "maelyss.109", "Media Type": "IMAGE", "Created": "2021-01-31 11:22:33 UTC"}, {"From": "maelyss.109", "Media Type": "IMAGE", "Created": "2021-01-30 18:26:16 UTC"}, {"From": "constancev2006", "Media Type": "VIDEO", "Created": "2021-01-30 09:25:47 UTC"}, {"From": "maelyss.109", "Media Type": "IMAGE", "Created": "2021-01-30 09:01:03 UTC"}], "Sent Snap History": [{"To": "", "Media Type": "IMAGE", "Created": "2021-03-01 20:10:09 UTC"}, {"To": "juju_2942", "Media Type": "IMAGE", "Created": "2021-03-01 19:20:09 UTC"}, {"To": "alice.dhnn", "Media Type": "IMAGE", "Created": "2021-03-01 19:20:09 UTC"}, {"To": "maelyss.109", "Media Type": "IMAGE", "Created": "2021-03-01 19:20:09 UTC"}, {"To": "dlagrange49", "Media Type": "IMAGE", "Created": "2021-03-01 19:20:09 UTC"}, {"To": "al_ducournau", "Media Type": "IMAGE", "Created": "2021-03-01 19:20:09 UTC"}, {"To": "cristina_prt", "Media Type": "IMAGE", "Created": "2021-03-01 19:20:09 UTC"}, {"To": "alexis.agd", "Media Type": "IMAGE", "Created": "2021-03-01 16:54:27 UTC"}, {"To": "juju_2942", "Media Type": "IMAGE", "Created": "2021-03-01 06:09:47 UTC"}, {"To": "alice.dhnn", "Media Type": "IMAGE", "Created": "2021-03-01 06:09:47 UTC"}, {"To": "rberziou", "Media Type": "IMAGE", "Created": "2021-03-01 06:09:47 UTC"}, {"To": "dlagrange49", "Media Type": "IMAGE", "Created": "2021-03-01 06:09:47 UTC"}, {"To": "cristina_prt", "Media Type": "IMAGE", "Created": "2021-03-01 06:09:47 UTC"}, {"To": "georges-thomas", "Media Type": "IMAGE", "Created": "2021-03-01 06:09:47 UTC"}, {"To": "georges-thomas", "Media Type": "IMAGE", "Created": "2021-02-28 21:04:32 UTC"}, {"To": "juju_2942", "Media Type": "IMAGE", "Created": "2021-02-28 15:23:22 UTC"}, {"To": "alice.dhnn", "Media Type": "IMAGE", "Created": "2021-02-28 15:23:22 UTC"}, {"To": "dlagrange49", "Media Type": "IMAGE", "Created": "2021-02-28 15:23:22 UTC"}, {"To": "cristina_prt", "Media Type": "IMAGE", "Created": "2021-02-28 15:23:22 UTC"}, {"To": "dlagrange49", "Media Type": "IMAGE", "Created": "2021-02-27 22:49:13 UTC"}, {"To": "juju_2942", "Media Type": "IMAGE", "Created": "2021-02-27 22:09:29 UTC"}, {"To": "dlagrange49", "Media Type": "VIDEO", "Created": "2021-02-27 17:07:04 UTC"}, {"To": "leeloocts", "Media Type": "IMAGE", "Created": "2021-02-27 09:30:28 UTC"}, {"To": "tetelle1778", "Media Type": "IMAGE", "Created": "2021-02-27 09:30:28 UTC"}, {"To": "elena.f135", "Media Type": "IMAGE", "Created": "2021-02-27 09:30:28 UTC"}, {"To": "rberziou", "Media Type": "IMAGE", "Created": "2021-02-27 09:30:28 UTC"}, {"To": "airdepog", "Media Type": "IMAGE", "Created": "2021-02-27 09:30:28 UTC"}, {"To": "constancev2006", "Media Type": "IMAGE", "Created": "2021-02-27 09:30:28 UTC"}, {"To": "maelyss.109", "Media Type": "IMAGE", "Created": "2021-02-27 09:30:28 UTC"}, {"To": "eno_du17", "Media Type": "IMAGE", "Created": "2021-02-27 09:30:28 UTC"}, {"To": "al_ducournau", "Media Type": "IMAGE", "Created": "2021-02-27 09:30:28 UTC"}, {"To": "nanacosse55", "Media Type": "IMAGE", "Created": "2021-02-27 09:30:28 UTC"}, {"To": "manonfcn17480", "Media Type": "IMAGE", "Created": "2021-02-27 09:30:28 UTC"}, {"To": "lgerard525", "Media Type": "IMAGE", "Created": "2021-02-27 09:30:28 UTC"}, {"To": "cristina_prt", "Media Type": "IMAGE", "Created": "2021-02-27 09:30:28 UTC"}, {"To": "georges-thomas", "Media Type": "IMAGE", "Created": "2021-02-27 09:30:28 UTC"}, {"To": "alexis.agd", "Media Type": "IMAGE", "Created": "2021-02-27 09:30:28 UTC"}, {"To": "leeloocts", "Media Type": "IMAGE", "Created": "2021-02-26 22:34:04 UTC"}, {"To": "tetelle1778", "Media Type": "IMAGE", "Created": "2021-02-26 22:34:04 UTC"}, {"To": "elena.f135", "Media Type": "IMAGE", "Created": "2021-02-26 22:34:04 UTC"}, {"To": "rberziou", "Media Type": "IMAGE", "Created": "2021-02-26 22:34:04 UTC"}, {"To": "airdepog", "Media Type": "IMAGE", "Created": "2021-02-26 22:34:04 UTC"}, {"To": "constancev2006", "Media Type": "IMAGE", "Created": "2021-02-26 22:34:04 UTC"}, {"To": "maelyss.109", "Media Type": "IMAGE", "Created": "2021-02-26 22:34:04 UTC"}, {"To": "eno_du17", "Media Type": "IMAGE", "Created": "2021-02-26 22:34:04 UTC"}, {"To": "al_ducournau", "Media Type": "IMAGE", "Created": "2021-02-26 22:34:04 UTC"}, {"To": "nanacosse55", "Media Type": "IMAGE", "Created": "2021-02-26 22:34:04 UTC"}, {"To": "manonfcn17480", "Media Type": "IMAGE", "Created": "2021-02-26 22:34:04 UTC"}, {"To": "lgerard525", "Media Type": "IMAGE", "Created": "2021-02-26 22:34:04 UTC"}, {"To": "cristina_prt", "Media Type": "IMAGE", "Created": "2021-02-26 22:34:04 UTC"}, {"To": "georges-thomas", "Media Type": "IMAGE", "Created": "2021-02-26 22:34:04 UTC"}, {"To": "alexis.agd", "Media Type": "IMAGE", "Created": "2021-02-26 22:34:04 UTC"}, {"To": "leeloocts", "Media Type": "IMAGE", "Created": "2021-02-26 06:59:54 UTC"}, {"To": "tetelle1778", "Media Type": "IMAGE", "Created": "2021-02-26 06:59:54 UTC"}, {"To": "elena.f135", "Media Type": "IMAGE", "Created": "2021-02-26 06:59:54 UTC"}, {"To": "rberziou", "Media Type": "IMAGE", "Created": "2021-02-26 06:59:54 UTC"}, {"To": "airdepog", "Media Type": "IMAGE", "Created": "2021-02-26 06:59:54 UTC"}, {"To": "constancev2006", "Media Type": "IMAGE", "Created": "2021-02-26 06:59:54 UTC"}, {"To": "maelyss.109", "Media Type": "IMAGE", "Created": "2021-02-26 06:59:54 UTC"}, {"To": "eno_du17", "Media Type": "IMAGE", "Created": "2021-02-26 06:59:54 UTC"}, {"To": "al_ducournau", "Media Type": "IMAGE", "Created": "2021-02-26 06:59:54 UTC"}, {"To": "nanacosse55", "Media Type": "IMAGE", "Created": "2021-02-26 06:59:54 UTC"}, {"To": "manonfcn17480", "Media Type": "IMAGE", "Created": "2021-02-26 06:59:54 UTC"}, {"To": "lgerard525", "Media Type": "IMAGE", "Created": "2021-02-26 06:59:54 UTC"}, {"To": "cristina_prt", "Media Type": "IMAGE", "Created": "2021-02-26 06:59:54 UTC"}, {"To": "georges-thomas", "Media Type": "IMAGE", "Created": "2021-02-26 06:59:54 UTC"}, {"To": "alexis.agd", "Media Type": "IMAGE", "Created": "2021-02-26 06:59:54 UTC"}, {"To": "leeloocts", "Media Type": "IMAGE", "Created": "2021-02-25 21:08:32 UTC"}, {"To": "tetelle1778", "Media Type": "IMAGE", "Created": "2021-02-25 21:08:32 UTC"}, {"To": "elena.f135", "Media Type": "IMAGE", "Created": "2021-02-25 21:08:32 UTC"}, {"To": "rberziou", "Media Type": "IMAGE", "Created": "2021-02-25 21:08:32 UTC"}, {"To": "airdepog", "Media Type": "IMAGE", "Created": "2021-02-25 21:08:32 UTC"}, {"To": "constancev2006", "Media Type": "IMAGE", "Created": "2021-02-25 21:08:32 UTC"}, {"To": "maelyss.109", "Media Type": "IMAGE", "Created": "2021-02-25 21:08:32 UTC"}, {"To": "eno_du17", "Media Type": "IMAGE", "Created": "2021-02-25 21:08:32 UTC"}, {"To": "al_ducournau", "Media Type": "IMAGE", "Created": "2021-02-25 21:08:32 UTC"}, {"To": "nanacosse55", "Media Type": "IMAGE", "Created": "2021-02-25 21:08:32 UTC"}, {"To": "manonfcn17480", "Media Type": "IMAGE", "Created": "2021-02-25 21:08:32 UTC"}, {"To": "lgerard525", "Media Type": "IMAGE", "Created": "2021-02-25 21:08:32 UTC"}, {"To": "cristina_prt", "Media Type": "IMAGE", "Created": "2021-02-25 21:08:32 UTC"}, {"To": "georges-thomas", "Media Type": "IMAGE", "Created": "2021-02-25 21:08:32 UTC"}, {"To": "alexis.agd", "Media Type": "IMAGE", "Created": "2021-02-25 21:08:32 UTC"}, {"To": "leeloocts", "Media Type": "IMAGE", "Created": "2021-02-25 06:37:07 UTC"}, {"To": "tetelle1778", "Media Type": "IMAGE", "Created": "2021-02-25 06:37:07 UTC"}, {"To": "elena.f135", "Media Type": "IMAGE", "Created": "2021-02-25 06:37:07 UTC"}, {"To": "rberziou", "Media Type": "IMAGE", "Created": "2021-02-25 06:37:07 UTC"}, {"To": "airdepog", "Media Type": "IMAGE", "Created": "2021-02-25 06:37:07 UTC"}, {"To": "constancev2006", "Media Type": "IMAGE", "Created": "2021-02-25 06:37:07 UTC"}, {"To": "maelyss.109", "Media Type": "IMAGE", "Created": "2021-02-25 06:37:07 UTC"}, {"To": "eno_du17", "Media Type": "IMAGE", "Created": "2021-02-25 06:37:07 UTC"}, {"To": "al_ducournau", "Media Type": "IMAGE", "Created": "2021-02-25 06:37:07 UTC"}, {"To": "nanacosse55", "Media Type": "IMAGE", "Created": "2021-02-25 06:37:07 UTC"}, {"To": "manonfcn17480", "Media Type": "IMAGE", "Created": "2021-02-25 06:37:07 UTC"}, {"To": "lgerard525", "Media Type": "IMAGE", "Created": "2021-02-25 06:37:07 UTC"}, {"To": "cristina_prt", "Media Type": "IMAGE", "Created": "2021-02-25 06:37:07 UTC"}, {"To": "georges-thomas", "Media Type": "IMAGE", "Created": "2021-02-25 06:37:07 UTC"}, {"To": "alexis.agd", "Media Type": "IMAGE", "Created": "2021-02-25 06:37:07 UTC"}, {"To": "leeloocts", "Media Type": "IMAGE", "Created": "2021-02-24 22:00:12 UTC"}, {"To": "tetelle1778", "Media Type": "IMAGE", "Created": "2021-02-24 22:00:12 UTC"}, {"To": "elena.f135", "Media Type": "IMAGE", "Created": "2021-02-24 22:00:12 UTC"}, {"To": "rberziou", "Media Type": "IMAGE", "Created": "2021-02-24 22:00:12 UTC"}, {"To": "airdepog", "Media Type": "IMAGE", "Created": "2021-02-24 22:00:12 UTC"}, {"To": "constancev2006", "Media Type": "IMAGE", "Created": "2021-02-24 22:00:12 UTC"}, {"To": "maelyss.109", "Media Type": "IMAGE", "Created": "2021-02-24 22:00:12 UTC"}, {"To": "eno_du17", "Media Type": "IMAGE", "Created": "2021-02-24 22:00:12 UTC"}, {"To": "al_ducournau", "Media Type": "IMAGE", "Created": "2021-02-24 22:00:12 UTC"}, {"To": "manonfcn17480", "Media Type": "IMAGE", "Created": "2021-02-24 22:00:12 UTC"}, {"To": "lgerard525", "Media Type": "IMAGE", "Created": "2021-02-24 22:00:12 UTC"}, {"To": "cristina_prt", "Media Type": "IMAGE", "Created": "2021-02-24 22:00:12 UTC"}, {"To": "georges-thomas", "Media Type": "IMAGE", "Created": "2021-02-24 22:00:12 UTC"}, {"To": "alexis.agd", "Media Type": "IMAGE", "Created": "2021-02-24 22:00:12 UTC"}, {"To": "leeloocts", "Media Type": "IMAGE", "Created": "2021-02-24 06:55:32 UTC"}, {"To": "tetelle1778", "Media Type": "IMAGE", "Created": "2021-02-24 06:55:32 UTC"}, {"To": "elena.f135", "Media Type": "IMAGE", "Created": "2021-02-24 06:55:32 UTC"}, {"To": "rberziou", "Media Type": "IMAGE", "Created": "2021-02-24 06:55:32 UTC"}, {"To": "airdepog", "Media Type": "IMAGE", "Created": "2021-02-24 06:55:32 UTC"}, {"To": "constancev2006", "Media Type": "IMAGE", "Created": "2021-02-24 06:55:32 UTC"}, {"To": "maelyss.109", "Media Type": "IMAGE", "Created": "2021-02-24 06:55:32 UTC"}, {"To": "eno_du17", "Media Type": "IMAGE", "Created": "2021-02-24 06:55:32 UTC"}, {"To": "al_ducournau", "Media Type": "IMAGE", "Created": "2021-02-24 06:55:32 UTC"}, {"To": "manonfcn17480", "Media Type": "IMAGE", "Created": "2021-02-24 06:55:32 UTC"}, {"To": "lgerard525", "Media Type": "IMAGE", "Created": "2021-02-24 06:55:32 UTC"}, {"To": "cristina_prt", "Media Type": "IMAGE", "Created": "2021-02-24 06:55:32 UTC"}, {"To": "georges-thomas", "Media Type": "IMAGE", "Created": "2021-02-24 06:55:32 UTC"}, {"To": "alexis.agd", "Media Type": "IMAGE", "Created": "2021-02-24 06:55:32 UTC"}, {"To": "leeloocts", "Media Type": "IMAGE", "Created": "2021-02-22 20:34:21 UTC"}, {"To": "tetelle1778", "Media Type": "IMAGE", "Created": "2021-02-22 20:34:21 UTC"}, {"To": "elena.f135", "Media Type": "IMAGE", "Created": "2021-02-22 20:34:21 UTC"}, {"To": "rberziou", "Media Type": "IMAGE", "Created": "2021-02-22 20:34:21 UTC"}, {"To": "airdepog", "Media Type": "IMAGE", "Created": "2021-02-22 20:34:21 UTC"}, {"To": "constancev2006", "Media Type": "IMAGE", "Created": "2021-02-22 20:34:21 UTC"}, {"To": "maelyss.109", "Media Type": "IMAGE", "Created": "2021-02-22 20:34:21 UTC"}, {"To": "eno_du17", "Media Type": "IMAGE", "Created": "2021-02-22 20:34:21 UTC"}, {"To": "al_ducournau", "Media Type": "IMAGE", "Created": "2021-02-22 20:34:21 UTC"}, {"To": "manonfcn17480", "Media Type": "IMAGE", "Created": "2021-02-22 20:34:21 UTC"}, {"To": "lgerard525", "Media Type": "IMAGE", "Created": "2021-02-22 20:34:21 UTC"}, {"To": "cristina_prt", "Media Type": "IMAGE", "Created": "2021-02-22 20:34:21 UTC"}, {"To": "georges-thomas", "Media Type": "IMAGE", "Created": "2021-02-22 20:34:21 UTC"}, {"To": "alexis.agd", "Media Type": "IMAGE", "Created": "2021-02-22 20:34:21 UTC"}, {"To": "leeloocts", "Media Type": "IMAGE", "Created": "2021-02-22 06:19:26 UTC"}, {"To": "tetelle1778", "Media Type": "IMAGE", "Created": "2021-02-22 06:19:26 UTC"}, {"To": "elena.f135", "Media Type": "IMAGE", "Created": "2021-02-22 06:19:26 UTC"}, {"To": "rberziou", "Media Type": "IMAGE", "Created": "2021-02-22 06:19:26 UTC"}, {"To": "airdepog", "Media Type": "IMAGE", "Created": "2021-02-22 06:19:26 UTC"}, {"To": "constancev2006", "Media Type": "IMAGE", "Created": "2021-02-22 06:19:26 UTC"}, {"To": "maelyss.109", "Media Type": "IMAGE", "Created": "2021-02-22 06:19:26 UTC"}, {"To": "eno_du17", "Media Type": "IMAGE", "Created": "2021-02-22 06:19:26 UTC"}, {"To": "al_ducournau", "Media Type": "IMAGE", "Created": "2021-02-22 06:19:26 UTC"}, {"To": "manonfcn17480", "Media Type": "IMAGE", "Created": "2021-02-22 06:19:26 UTC"}, {"To": "lgerard525", "Media Type": "IMAGE", "Created": "2021-02-22 06:19:26 UTC"}, {"To": "cristina_prt", "Media Type": "IMAGE", "Created": "2021-02-22 06:19:26 UTC"}, {"To": "georges-thomas", "Media Type": "IMAGE", "Created": "2021-02-22 06:19:26 UTC"}, {"To": "alexis.agd", "Media Type": "IMAGE", "Created": "2021-02-22 06:19:26 UTC"}, {"To": "leeloocts", "Media Type": "IMAGE", "Created": "2021-02-21 22:20:47 UTC"}, {"To": "tetelle1778", "Media Type": "IMAGE", "Created": "2021-02-21 22:20:47 UTC"}, {"To": "elena.f135", "Media Type": "IMAGE", "Created": "2021-02-21 22:20:47 UTC"}, {"To": "rberziou", "Media Type": "IMAGE", "Created": "2021-02-21 22:20:47 UTC"}, {"To": "airdepog", "Media Type": "IMAGE", "Created": "2021-02-21 22:20:47 UTC"}, {"To": "constancev2006", "Media Type": "IMAGE", "Created": "2021-02-21 22:20:47 UTC"}, {"To": "maelyss.109", "Media Type": "IMAGE", "Created": "2021-02-21 22:20:47 UTC"}, {"To": "eno_du17", "Media Type": "IMAGE", "Created": "2021-02-21 22:20:47 UTC"}, {"To": "al_ducournau", "Media Type": "IMAGE", "Created": "2021-02-21 22:20:47 UTC"}, {"To": "manonfcn17480", "Media Type": "IMAGE", "Created": "2021-02-21 22:20:47 UTC"}, {"To": "lgerard525", "Media Type": "IMAGE", "Created": "2021-02-21 22:20:47 UTC"}, {"To": "cristina_prt", "Media Type": "IMAGE", "Created": "2021-02-21 22:20:47 UTC"}, {"To": "georges-thomas", "Media Type": "IMAGE", "Created": "2021-02-21 22:20:47 UTC"}, {"To": "alexis.agd", "Media Type": "IMAGE", "Created": "2021-02-21 22:20:47 UTC"}, {"To": "leeloocts", "Media Type": "IMAGE", "Created": "2021-02-20 22:42:41 UTC"}, {"To": "tetelle1778", "Media Type": "IMAGE", "Created": "2021-02-20 22:42:41 UTC"}, {"To": "elena.f135", "Media Type": "IMAGE", "Created": "2021-02-20 22:42:41 UTC"}, {"To": "rberziou", "Media Type": "IMAGE", "Created": "2021-02-20 22:42:41 UTC"}, {"To": "airdepog", "Media Type": "IMAGE", "Created": "2021-02-20 22:42:41 UTC"}, {"To": "constancev2006", "Media Type": "IMAGE", "Created": "2021-02-20 22:42:41 UTC"}, {"To": "maelyss.109", "Media Type": "IMAGE", "Created": "2021-02-20 22:42:41 UTC"}, {"To": "eno_du17", "Media Type": "IMAGE", "Created": "2021-02-20 22:42:41 UTC"}, {"To": "al_ducournau", "Media Type": "IMAGE", "Created": "2021-02-20 22:42:41 UTC"}, {"To": "manonfcn17480", "Media Type": "IMAGE", "Created": "2021-02-20 22:42:41 UTC"}, {"To": "lgerard525", "Media Type": "IMAGE", "Created": "2021-02-20 22:42:41 UTC"}, {"To": "cristina_prt", "Media Type": "IMAGE", "Created": "2021-02-20 22:42:41 UTC"}, {"To": "georges-thomas", "Media Type": "IMAGE", "Created": "2021-02-20 22:42:41 UTC"}, {"To": "alexis.agd", "Media Type": "IMAGE", "Created": "2021-02-20 22:42:41 UTC"}, {"To": "leeloocts", "Media Type": "VIDEO_NO_SOUND", "Created": "2021-02-20 10:23:52 UTC"}, {"To": "tetelle1778", "Media Type": "VIDEO_NO_SOUND", "Created": "2021-02-20 10:23:52 UTC"}, {"To": "elena.f135", "Media Type": "VIDEO_NO_SOUND", "Created": "2021-02-20 10:23:52 UTC"}, {"To": "rberziou", "Media Type": "VIDEO_NO_SOUND", "Created": "2021-02-20 10:23:52 UTC"}, {"To": "airdepog", "Media Type": "VIDEO_NO_SOUND", "Created": "2021-02-20 10:23:52 UTC"}, {"To": "constancev2006", "Media Type": "VIDEO_NO_SOUND", "Created": "2021-02-20 10:23:52 UTC"}, {"To": "maelyss.109", "Media Type": "VIDEO_NO_SOUND", "Created": "2021-02-20 10:23:52 UTC"}, {"To": "eno_du17", "Media Type": "VIDEO_NO_SOUND", "Created": "2021-02-20 10:23:52 UTC"}, {"To": "al_ducournau", "Media Type": "VIDEO_NO_SOUND", "Created": "2021-02-20 10:23:52 UTC"}, {"To": "manonfcn17480", "Media Type": "VIDEO_NO_SOUND", "Created": "2021-02-20 10:23:52 UTC"}, {"To": "lgerard525", "Media Type": "VIDEO_NO_SOUND", "Created": "2021-02-20 10:23:52 UTC"}, {"To": "cristina_prt", "Media Type": "VIDEO_NO_SOUND", "Created": "2021-02-20 10:23:52 UTC"}, {"To": "georges-thomas", "Media Type": "VIDEO_NO_SOUND", "Created": "2021-02-20 10:23:52 UTC"}, {"To": "alexis.agd", "Media Type": "VIDEO_NO_SOUND", "Created": "2021-02-20 10:23:52 UTC"}, {"To": "leeloocts", "Media Type": "IMAGE", "Created": "2021-02-20 03:03:58 UTC"}, {"To": "tetelle1778", "Media Type": "IMAGE", "Created": "2021-02-20 03:03:58 UTC"}, {"To": "elena.f135", "Media Type": "IMAGE", "Created": "2021-02-20 03:03:58 UTC"}, {"To": "rberziou", "Media Type": "IMAGE", "Created": "2021-02-20 03:03:58 UTC"}, {"To": "airdepog", "Media Type": "IMAGE", "Created": "2021-02-20 03:03:58 UTC"}, {"To": "constancev2006", "Media Type": "IMAGE", "Created": "2021-02-20 03:03:58 UTC"}, {"To": "maelyss.109", "Media Type": "IMAGE", "Created": "2021-02-20 03:03:58 UTC"}, {"To": "eno_du17", "Media Type": "IMAGE", "Created": "2021-02-20 03:03:58 UTC"}, {"To": "al_ducournau", "Media Type": "IMAGE", "Created": "2021-02-20 03:03:58 UTC"}, {"To": "manonfcn17480", "Media Type": "IMAGE", "Created": "2021-02-20 03:03:58 UTC"}, {"To": "lgerard525", "Media Type": "IMAGE", "Created": "2021-02-20 03:03:58 UTC"}, {"To": "cristina_prt", "Media Type": "IMAGE", "Created": "2021-02-20 03:03:58 UTC"}, {"To": "georges-thomas", "Media Type": "IMAGE", "Created": "2021-02-20 03:03:58 UTC"}, {"To": "alexis.agd", "Media Type": "IMAGE", "Created": "2021-02-20 03:03:58 UTC"}, {"To": "leeloocts", "Media Type": "IMAGE", "Created": "2021-02-18 22:23:52 UTC"}, {"To": "tetelle1778", "Media Type": "IMAGE", "Created": "2021-02-18 22:23:52 UTC"}, {"To": "elena.f135", "Media Type": "IMAGE", "Created": "2021-02-18 22:23:52 UTC"}, {"To": "rberziou", "Media Type": "IMAGE", "Created": "2021-02-18 22:23:52 UTC"}, {"To": "airdepog", "Media Type": "IMAGE", "Created": "2021-02-18 22:23:52 UTC"}, {"To": "constancev2006", "Media Type": "IMAGE", "Created": "2021-02-18 22:23:52 UTC"}, {"To": "maelyss.109", "Media Type": "IMAGE", "Created": "2021-02-18 22:23:52 UTC"}, {"To": "eno_du17", "Media Type": "IMAGE", "Created": "2021-02-18 22:23:52 UTC"}, {"To": "al_ducournau", "Media Type": "IMAGE", "Created": "2021-02-18 22:23:52 UTC"}, {"To": "manonfcn17480", "Media Type": "IMAGE", "Created": "2021-02-18 22:23:52 UTC"}, {"To": "lgerard525", "Media Type": "IMAGE", "Created": "2021-02-18 22:23:52 UTC"}, {"To": "cristina_prt", "Media Type": "IMAGE", "Created": "2021-02-18 22:23:52 UTC"}, {"To": "georges-thomas", "Media Type": "IMAGE", "Created": "2021-02-18 22:23:52 UTC"}, {"To": "alexis.agd", "Media Type": "IMAGE", "Created": "2021-02-18 22:23:52 UTC"}, {"To": "elena.f135", "Media Type": "IMAGE", "Created": "2021-02-17 18:06:36 UTC"}, {"To": "rberziou", "Media Type": "IMAGE", "Created": "2021-02-17 18:06:36 UTC"}, {"To": "airdepog", "Media Type": "IMAGE", "Created": "2021-02-17 18:06:36 UTC"}, {"To": "constancev2006", "Media Type": "IMAGE", "Created": "2021-02-17 18:06:36 UTC"}, {"To": "maelyss.109", "Media Type": "IMAGE", "Created": "2021-02-17 18:06:36 UTC"}, {"To": "manonfcn17480", "Media Type": "IMAGE", "Created": "2021-02-17 18:06:36 UTC"}, {"To": "lgerard525", "Media Type": "IMAGE", "Created": "2021-02-17 18:06:36 UTC"}, {"To": "cristina_prt", "Media Type": "IMAGE", "Created": "2021-02-17 18:06:36 UTC"}, {"To": "alexis.agd", "Media Type": "IMAGE", "Created": "2021-02-17 18:06:36 UTC"}, {"To": "airdepog", "Media Type": "IMAGE", "Created": "2021-02-16 23:48:28 UTC"}, {"To": "constancev2006", "Media Type": "IMAGE", "Created": "2021-02-16 23:48:28 UTC"}, {"To": "maelyss.109", "Media Type": "IMAGE", "Created": "2021-02-16 23:48:28 UTC"}, {"To": "lgerard525", "Media Type": "IMAGE", "Created": "2021-02-16 23:48:28 UTC"}, {"To": "alexis.agd", "Media Type": "IMAGE", "Created": "2021-02-16 23:48:28 UTC"}, {"To": "toto58_ytb", "Media Type": "VIDEO", "Created": "2021-02-16 14:22:00 UTC"}, {"To": "airdepog", "Media Type": "IMAGE", "Created": "2021-02-16 12:31:23 UTC"}, {"To": "constancev2006", "Media Type": "IMAGE", "Created": "2021-02-16 12:31:23 UTC"}, {"To": "maelyss.109", "Media Type": "IMAGE", "Created": "2021-02-16 12:31:23 UTC"}, {"To": "lgerard525", "Media Type": "IMAGE", "Created": "2021-02-16 12:31:23 UTC"}, {"To": "alexis.agd", "Media Type": "IMAGE", "Created": "2021-02-16 12:31:23 UTC"}, {"To": "airdepog", "Media Type": "IMAGE", "Created": "2021-02-15 22:27:06 UTC"}, {"To": "constancev2006", "Media Type": "IMAGE", "Created": "2021-02-15 22:27:06 UTC"}, {"To": "maelyss.109", "Media Type": "IMAGE", "Created": "2021-02-15 22:27:06 UTC"}, {"To": "lgerard525", "Media Type": "IMAGE", "Created": "2021-02-15 22:27:06 UTC"}, {"To": "alexis.agd", "Media Type": "IMAGE", "Created": "2021-02-15 22:27:06 UTC"}, {"To": "airdepog", "Media Type": "VIDEO", "Created": "2021-02-15 16:05:45 UTC"}, {"To": "constancev2006", "Media Type": "VIDEO", "Created": "2021-02-15 16:05:45 UTC"}, {"To": "maelyss.109", "Media Type": "VIDEO", "Created": "2021-02-15 16:05:45 UTC"}, {"To": "alexis.agd", "Media Type": "VIDEO", "Created": "2021-02-15 16:05:45 UTC"}, {"To": "airdepog", "Media Type": "IMAGE", "Created": "2021-02-14 20:39:36 UTC"}, {"To": "constancev2006", "Media Type": "IMAGE", "Created": "2021-02-14 20:39:36 UTC"}, {"To": "maelyss.109", "Media Type": "IMAGE", "Created": "2021-02-14 20:39:36 UTC"}, {"To": "alexis.agd", "Media Type": "IMAGE", "Created": "2021-02-14 20:39:36 UTC"}, {"To": "airdepog", "Media Type": "IMAGE", "Created": "2021-02-13 18:49:15 UTC"}, {"To": "constancev2006", "Media Type": "IMAGE", "Created": "2021-02-13 18:49:15 UTC"}, {"To": "maelyss.109", "Media Type": "IMAGE", "Created": "2021-02-13 18:49:15 UTC"}, {"To": "alexis.agd", "Media Type": "IMAGE", "Created": "2021-02-13 18:49:15 UTC"}, {"To": "airdepog", "Media Type": "IMAGE", "Created": "2021-02-12 21:15:48 UTC"}, {"To": "constancev2006", "Media Type": "IMAGE", "Created": "2021-02-12 21:15:48 UTC"}, {"To": "maelyss.109", "Media Type": "IMAGE", "Created": "2021-02-12 21:15:48 UTC"}, {"To": "alexis.agd", "Media Type": "IMAGE", "Created": "2021-02-12 21:15:48 UTC"}, {"To": "airdepog", "Media Type": "IMAGE", "Created": "2021-02-11 23:35:19 UTC"}, {"To": "constancev2006", "Media Type": "IMAGE", "Created": "2021-02-11 23:35:19 UTC"}, {"To": "maelyss.109", "Media Type": "IMAGE", "Created": "2021-02-11 23:35:19 UTC"}, {"To": "alexis.agd", "Media Type": "IMAGE", "Created": "2021-02-11 23:35:19 UTC"}, {"To": "", "Media Type": "IMAGE", "Created": "2021-02-11 14:46:43 UTC"}, {"To": "constancev2006", "Media Type": "IMAGE", "Created": "2021-02-11 09:05:23 UTC"}, {"To": "maelyss.109", "Media Type": "IMAGE", "Created": "2021-02-11 09:05:23 UTC"}, {"To": "alexis.agd", "Media Type": "IMAGE", "Created": "2021-02-11 09:05:23 UTC"}, {"To": "constancev2006", "Media Type": "IMAGE", "Created": "2021-02-10 12:42:24 UTC"}, {"To": "maelyss.109", "Media Type": "IMAGE", "Created": "2021-02-10 12:42:24 UTC"}, {"To": "alexis.agd", "Media Type": "IMAGE", "Created": "2021-02-10 12:42:24 UTC"}, {"To": "constancev2006", "Media Type": "VIDEO", "Created": "2021-02-09 12:41:02 UTC"}, {"To": "maelyss.109", "Media Type": "VIDEO", "Created": "2021-02-09 12:41:02 UTC"}, {"To": "alexis.agd", "Media Type": "VIDEO", "Created": "2021-02-09 12:41:02 UTC"}, {"To": "constancev2006", "Media Type": "IMAGE", "Created": "2021-02-08 21:58:46 UTC"}, {"To": "maelyss.109", "Media Type": "IMAGE", "Created": "2021-02-08 21:58:46 UTC"}, {"To": "alexis.agd", "Media Type": "IMAGE", "Created": "2021-02-08 21:58:46 UTC"}, {"To": "constancev2006", "Media Type": "IMAGE", "Created": "2021-02-07 17:22:03 UTC"}, {"To": "maelyss.109", "Media Type": "IMAGE", "Created": "2021-02-07 17:22:03 UTC"}, {"To": "constancev2006", "Media Type": "IMAGE", "Created": "2021-02-06 23:39:39 UTC"}, {"To": "maelyss.109", "Media Type": "IMAGE", "Created": "2021-02-06 23:39:39 UTC"}, {"To": "constancev2006", "Media Type": "IMAGE", "Created": "2021-02-06 20:45:24 UTC"}, {"To": "maelyss.109", "Media Type": "IMAGE", "Created": "2021-02-06 20:45:24 UTC"}, {"To": "constancev2006", "Media Type": "IMAGE", "Created": "2021-02-05 19:17:48 UTC"}, {"To": "maelyss.109", "Media Type": "IMAGE", "Created": "2021-02-05 19:17:48 UTC"}, {"To": "constancev2006", "Media Type": "IMAGE", "Created": "2021-02-05 12:26:46 UTC"}, {"To": "maelyss.109", "Media Type": "IMAGE", "Created": "2021-02-05 12:26:46 UTC"}, {"To": "constancev2006", "Media Type": "IMAGE", "Created": "2021-02-04 21:04:55 UTC"}, {"To": "maelyss.109", "Media Type": "IMAGE", "Created": "2021-02-04 21:04:55 UTC"}, {"To": "constancev2006", "Media Type": "IMAGE", "Created": "2021-02-04 12:40:20 UTC"}, {"To": "maelyss.109", "Media Type": "IMAGE", "Created": "2021-02-04 12:40:20 UTC"}, {"To": "constancev2006", "Media Type": "IMAGE", "Created": "2021-02-03 06:53:55 UTC"}, {"To": "maelyss.109", "Media Type": "IMAGE", "Created": "2021-02-03 06:53:55 UTC"}, {"To": "chloe-ocean17", "Media Type": "VIDEO_NO_SOUND", "Created": "2021-02-02 10:32:15 UTC"}, {"To": "oriane_riri", "Media Type": "VIDEO_NO_SOUND", "Created": "2021-02-02 10:32:15 UTC"}, {"To": "constancev2006", "Media Type": "VIDEO_NO_SOUND", "Created": "2021-02-02 10:32:15 UTC"}, {"To": "maelyss.109", "Media Type": "VIDEO_NO_SOUND", "Created": "2021-02-02 10:32:15 UTC"}, {"To": "constancev2006", "Media Type": "IMAGE", "Created": "2021-02-02 06:19:02 UTC"}, {"To": "maelyss.109", "Media Type": "IMAGE", "Created": "2021-02-02 06:19:02 UTC"}, {"To": "louloudu17290", "Media Type": "IMAGE", "Created": "2021-02-01 11:44:14 UTC"}, {"To": "toto58_ytb", "Media Type": "IMAGE", "Created": "2021-02-01 11:44:14 UTC"}, {"To": "imael_a", "Media Type": "IMAGE", "Created": "2021-02-01 11:44:14 UTC"}, {"To": "capu867", "Media Type": "IMAGE", "Created": "2021-02-01 11:44:14 UTC"}, {"To": "constancev2006", "Media Type": "IMAGE", "Created": "2021-02-01 11:44:14 UTC"}, {"To": "maelyss.109", "Media Type": "IMAGE", "Created": "2021-02-01 11:44:14 UTC"}, {"To": "loulou1257", "Media Type": "IMAGE", "Created": "2021-02-01 11:44:14 UTC"}, {"To": "constancev2006", "Media Type": "IMAGE", "Created": "2021-02-01 06:30:52 UTC"}, {"To": "maelyss.109", "Media Type": "IMAGE", "Created": "2021-02-01 06:30:52 UTC"}, {"To": "constancev2006", "Media Type": "IMAGE", "Created": "2021-01-31 20:51:20 UTC"}, {"To": "maelyss.109", "Media Type": "IMAGE", "Created": "2021-01-31 20:51:20 UTC"}, {"To": "constancev2006", "Media Type": "IMAGE", "Created": "2021-01-31 15:07:58 UTC"}, {"To": "maelyss.109", "Media Type": "IMAGE", "Created": "2021-01-31 15:07:58 UTC"}, {"To": "constancev2006", "Media Type": "IMAGE", "Created": "2021-01-31 00:26:00 UTC"}, {"To": "maelyss.109", "Media Type": "IMAGE", "Created": "2021-01-31 00:26:00 UTC"}, {"To": "constancev2006", "Media Type": "IMAGE", "Created": "2021-01-30 10:56:52 UTC"}, {"To": "maelyss.109", "Media Type": "IMAGE", "Created": "2021-01-30 10:56:52 UTC"}], "App Story History": []}