{"Outgoing Calls": [{"Date & Time": "2020-09-12 11:57:45 UTC", "Type": "AUDIO", "People in Chat": 2, "Result": "Call Succeeded", "City": "la jarrie", "Country": "FR", "Length (sec)": 17, "Network": "WIFI"}, {"Date & Time": "2020-09-23 12:52:18 UTC", "Type": "AUDIO", "People in Chat": 2, "Result": "Call Succeeded", "City": "orange", "Country": "FR", "Length (sec)": 29, "Network": "MOBILE"}, {"Date & Time": "2020-12-28 23:30:40 UTC", "Type": "AUDIO", "People in Chat": 2, "Result": "Call Succeeded", "City": "la jarne", "Country": "FR", "Length (sec)": 4, "Network": "WIFI"}, {"Date & Time": "2021-01-05 17:33:44 UTC", "Type": "AUDIO", "People in Chat": 0, "Result": "Call Initiated", "City": "bordeaux", "Country": "FR", "Length (sec)": 0, "Network": "MOBILE"}, {"Date & Time": "2021-01-21 19:33:30 UTC", "Type": "AUDIO", "People in Chat": 33, "Result": "Call Succeeded", "City": "bordeaux", "Country": "FR", "Length (sec)": 6, "Network": "MOBILE"}, {"Date & Time": "2020-12-28 23:30:59 UTC", "Type": "AUDIO", "People in Chat": 2, "Result": "Call Succeeded", "City": "la jarne", "Country": "FR", "Length (sec)": 1, "Network": "WIFI"}, {"Date & Time": "2020-09-30 13:03:41 UTC", "Type": "AUDIO", "People in Chat": 2, "Result": "Call Failed", "City": "orange", "Country": "FR", "Length (sec)": 30, "Network": "MOBILE"}, {"Date & Time": "2020-12-31 23:20:39 UTC", "Type": "AUDIO", "People in Chat": 2, "Result": "Call Succeeded", "City": "la jarne", "Country": "FR", "Length (sec)": 1, "Network": "WIFI"}, {"Date & Time": "2020-12-31 23:00:28 UTC", "Type": "VIDEO", "People in Chat": 2, "Result": "Call Failed", "City": "la jarne", "Country": "FR", "Length (sec)": 30, "Network": "WIFI"}, {"Date & Time": "2021-01-12 12:08:24 UTC", "Type": "AUDIO", "People in Chat": 2, "Result": "Call Succeeded", "City": "bordeaux", "Country": "FR", "Length (sec)": 15, "Network": "MOBILE"}, {"Date & Time": "2021-01-16 13:12:48 UTC", "Type": "AUDIO", "People in Chat": 3, "Result": "Call Succeeded", "City": "bordeaux", "Country": "FR", "Length (sec)": 1, "Network": "MOBILE"}, {"Date & Time": "2021-01-29 21:08:30 UTC", "Type": "VIDEO", "People in Chat": 2, "Result": "Call Succeeded", "City": "la jarne", "Country": "FR", "Length (sec)": 0, "Network": "WIFI"}, {"Date & Time": "2021-01-29 21:08:35 UTC", "Type": "AUDIO", "People in Chat": 2, "Result": "Call Succeeded", "City": "la jarne", "Country": "FR", "Length (sec)": 1, "Network": "WIFI"}, {"Date & Time": "2021-01-29 21:06:53 UTC", "Type": "AUDIO", "People in Chat": 2, "Result": "Call Succeeded", "City": "la jarne", "Country": "FR", "Length (sec)": 3, "Network": "WIFI"}, {"Date & Time": "2021-02-14 22:41:44 UTC", "Type": "AUDIO", "People in Chat": 2, "Result": "Call Failed", "City": "la jarne", "Country": "FR", "Length (sec)": 5, "Network": "WIFI"}, {"Date & Time": "2021-02-14 22:31:17 UTC", "Type": "AUDIO", "People in Chat": 2, "Result": "Call Succeeded", "City": "la jarne", "Country": "FR", "Length (sec)": 6, "Network": "WIFI"}, {"Date & Time": "2021-02-15 13:23:10 UTC", "Type": "AUDIO", "People in Chat": 2, "Result": "Call Succeeded", "City": "la jarne", "Country": "FR", "Length (sec)": 10, "Network": "WIFI"}, {"Date & Time": "2021-02-15 10:17:40 UTC", "Type": "AUDIO", "People in Chat": 2, "Result": "Call Initiated", "City": "la jarne", "Country": "FR", "Length (sec)": 22, "Network": "WIFI"}, {"Date & Time": "2021-02-15 11:58:43 UTC", "Type": "AUDIO", "People in Chat": 2, "Result": "Call Failed", "City": "bordeaux", "Country": "FR", "Length (sec)": 30, "Network": "MOBILE"}, {"Date & Time": "2021-02-25 12:28:42 UTC", "Type": "VIDEO", "People in Chat": 2, "Result": "Call Failed", "City": "bordeaux", "Country": "FR", "Length (sec)": 14, "Network": "MOBILE"}, {"Date & Time": "2021-02-25 12:28:18 UTC", "Type": "VIDEO", "People in Chat": 2, "Result": "Call Failed", "City": "bordeaux", "Country": "FR", "Length (sec)": 2, "Network": "MOBILE"}], "Incoming Calls": [{"Date & Time": "2020-09-08 10:15:16 UTC", "Type": "AUDIO", "People in Chat": 3, "Result": "Call Failed", "City": "bordeaux", "Country": "FR", "Length (sec)": 3, "Network": "MOBILE"}, {"Date & Time": "2020-09-08 10:07:55 UTC", "Type": "AUDIO", "People in Chat": 3, "Result": "Call Succeeded", "City": "bordeaux", "Country": "FR", "Length (sec)": 4, "Network": "MOBILE"}, {"Date & Time": "2020-09-14 13:57:20 UTC", "Type": "AUDIO", "People in Chat": 3, "Result": "Call Succeeded", "City": "bordeaux", "Country": "FR", "Length (sec)": 30, "Network": "MOBILE"}, {"Date & Time": "2020-09-14 13:55:49 UTC", "Type": "AUDIO", "People in Chat": 3, "Result": "Call Succeeded", "City": "bordeaux", "Country": "FR", "Length (sec)": 9, "Network": "MOBILE"}, {"Date & Time": "2020-09-25 14:58:57 UTC", "Type": "AUDIO", "People in Chat": 4, "Result": "Call Failed", "City": "orange", "Country": "FR", "Length (sec)": 2, "Network": "MOBILE"}, {"Date & Time": "2020-09-26 13:16:51 UTC", "Type": "AUDIO", "People in Chat": 2, "Result": "Call Succeeded", "City": "orange", "Country": "FR", "Length (sec)": 9, "Network": "MOBILE"}, {"Date & Time": "2020-09-26 13:17:26 UTC", "Type": "AUDIO", "People in Chat": 2, "Result": "Call Failed", "City": "orange", "Country": "FR", "Length (sec)": 16, "Network": "MOBILE"}, {"Date & Time": "2020-09-27 08:04:27 UTC", "Type": "AUDIO", "People in Chat": 2, "Result": "Call Received", "City": "forges", "Country": "FR", "Length (sec)": 3590, "Network": "WIFI"}, {"Date & Time": "2020-10-03 20:27:30 UTC", "Type": "AUDIO", "People in Chat": 3, "Result": "Call Succeeded", "City": "orange", "Country": "FR", "Length (sec)": 11, "Network": "MOBILE"}, {"Date & Time": "2020-10-09 15:59:09 UTC", "Type": "AUDIO", "People in Chat": 2, "Result": "Call Failed", "City": "la jarrie", "Country": "FR", "Length (sec)": 13, "Network": "WIFI"}, {"Date & Time": "2020-10-16 16:28:15 UTC", "Type": "AUDIO", "People in Chat": 3, "Result": "Call Received", "City": "bordeaux", "Country": "FR", "Length (sec)": 0, "Network": "MOBILE"}, {"Date & Time": "2020-10-17 16:52:35 UTC", "Type": "AUDIO", "People in Chat": 5, "Result": "Call Succeeded", "City": "bordeaux", "Country": "FR", "Length (sec)": 4, "Network": "MOBILE"}, {"Date & Time": "2020-10-19 13:14:18 UTC", "Type": "AUDIO", "People in Chat": 2, "Result": "Call Succeeded", "City": "bordeaux", "Country": "FR", "Length (sec)": 6, "Network": "MOBILE"}, {"Date & Time": "2020-10-20 00:07:18 UTC", "Type": "AUDIO", "People in Chat": 2, "Result": "Call Succeeded", "City": "clavette", "Country": "FR", "Length (sec)": 1332, "Network": "WIFI"}, {"Date & Time": "2020-10-20 00:07:18 UTC", "Type": "AUDIO", "People in Chat": 2, "Result": "Call Succeeded", "City": "clavette", "Country": "FR", "Length (sec)": 1332, "Network": "WIFI"}, {"Date & Time": "2020-10-19 17:14:48 UTC", "Type": "VIDEO", "People in Chat": 8, "Result": "Call Succeeded", "City": "bordeaux", "Country": "FR", "Length (sec)": 8, "Network": "MOBILE"}, {"Date & Time": "2020-10-23 11:39:43 UTC", "Type": "VIDEO", "People in Chat": 2, "Result": "Call Failed", "City": "clavette", "Country": "FR", "Length (sec)": 30, "Network": "WIFI"}, {"Date & Time": "2020-11-07 18:30:55 UTC", "Type": "AUDIO", "People in Chat": 3, "Result": "Call Failed", "City": "la jarne", "Country": "FR", "Length (sec)": 3, "Network": "WIFI"}, {"Date & Time": "2020-11-11 14:06:54 UTC", "Type": "AUDIO", "People in Chat": 2, "Result": "Call Succeeded", "City": "la jarne", "Country": "FR", "Length (sec)": 27, "Network": "WIFI"}, {"Date & Time": "2020-11-17 18:57:13 UTC", "Type": "AUDIO", "People in Chat": 2, "Result": "Call Received", "City": "bordeaux", "Country": "FR", "Length (sec)": 5918, "Network": "MOBILE"}, {"Date & Time": "2020-11-28 12:44:01 UTC", "Type": "AUDIO", "People in Chat": 3, "Result": "Call Succeeded", "City": "la jarne", "Country": "FR", "Length (sec)": 1, "Network": "WIFI"}, {"Date & Time": "2020-12-04 20:05:28 UTC", "Type": "AUDIO", "People in Chat": 7, "Result": "Call Received", "City": "la jarne", "Country": "FR", "Length (sec)": 2722, "Network": "WIFI"}, {"Date & Time": "2020-12-04 20:05:28 UTC", "Type": "AUDIO", "People in Chat": 0, "Result": "Call Received", "City": "la jarne", "Country": "FR", "Length (sec)": 396, "Network": "WIFI"}, {"Date & Time": "2020-12-05 14:15:48 UTC", "Type": "AUDIO", "People in Chat": 2, "Result": "Call Received", "City": "bordeaux", "Country": "FR", "Length (sec)": 27, "Network": "MOBILE"}, {"Date & Time": "2020-12-05 14:17:16 UTC", "Type": "AUDIO", "People in Chat": 2, "Result": "Call Succeeded", "City": "bordeaux", "Country": "FR", "Length (sec)": 10, "Network": "MOBILE"}, {"Date & Time": "2020-12-05 13:31:13 UTC", "Type": "AUDIO", "People in Chat": 2, "Result": "Call Received", "City": "la jarne", "Country": "FR", "Length (sec)": 30, "Network": "WIFI"}, {"Date & Time": "2020-12-05 19:00:18 UTC", "Type": "AUDIO", "People in Chat": 2, "Result": "Call Succeeded", "City": "la jarne", "Country": "FR", "Length (sec)": 12, "Network": "WIFI"}, {"Date & Time": "2020-12-09 16:43:22 UTC", "Type": "AUDIO", "People in Chat": 2, "Result": "Call Received", "City": "la jarne", "Country": "FR", "Length (sec)": 324, "Network": "WIFI"}, {"Date & Time": "2020-12-16 16:49:05 UTC", "Type": "AUDIO", "People in Chat": 2, "Result": "Call Succeeded", "City": "bordeaux", "Country": "FR", "Length (sec)": 23, "Network": "MOBILE"}, {"Date & Time": "2020-12-19 21:46:41 UTC", "Type": "AUDIO", "People in Chat": 2, "Result": "Call Succeeded", "City": "la jarne", "Country": "FR", "Length (sec)": 5, "Network": "WIFI"}, {"Date & Time": "2020-12-19 13:18:46 UTC", "Type": "AUDIO", "People in Chat": 2, "Result": "Call Received", "City": "la jarne", "Country": "FR", "Length (sec)": 23, "Network": "WIFI"}, {"Date & Time": "2020-12-21 16:40:28 UTC", "Type": "AUDIO", "People in Chat": 2, "Result": "Call Succeeded", "City": "la jarne", "Country": "FR", "Length (sec)": 10, "Network": "WIFI"}, {"Date & Time": "2020-12-31 23:55:03 UTC", "Type": "VIDEO", "People in Chat": 2, "Result": "Call Succeeded", "City": "la jarne", "Country": "FR", "Length (sec)": 2, "Network": "WIFI"}, {"Date & Time": "2020-12-31 23:20:36 UTC", "Type": "AUDIO", "People in Chat": 2, "Result": "Call Received", "City": "la jarne", "Country": "FR", "Length (sec)": 2, "Network": "WIFI"}, {"Date & Time": "2020-12-31 23:02:16 UTC", "Type": "AUDIO", "People in Chat": 3, "Result": "Call Succeeded", "City": "la jarne", "Country": "FR", "Length (sec)": 2, "Network": "WIFI"}, {"Date & Time": "2020-12-31 21:22:42 UTC", "Type": "AUDIO", "People in Chat": 3, "Result": "Call Succeeded", "City": "la jarne", "Country": "FR", "Length (sec)": 3, "Network": "WIFI"}, {"Date & Time": "2020-12-31 23:02:09 UTC", "Type": "AUDIO", "People in Chat": 3, "Result": "Call Succeeded", "City": "la jarne", "Country": "FR", "Length (sec)": 5, "Network": "WIFI"}, {"Date & Time": "2020-12-31 23:15:52 UTC", "Type": "AUDIO", "People in Chat": 3, "Result": "Call Succeeded", "City": "la jarne", "Country": "FR", "Length (sec)": 1, "Network": "WIFI"}, {"Date & Time": "2020-12-31 23:01:54 UTC", "Type": "AUDIO", "People in Chat": 2, "Result": "Call Succeeded", "City": "la jarne", "Country": "FR", "Length (sec)": 18, "Network": "WIFI"}, {"Date & Time": "2021-01-05 14:02:56 UTC", "Type": "AUDIO", "People in Chat": 0, "Result": "Call Received", "City": "bordeaux", "Country": "FR", "Length (sec)": 5069, "Network": "MOBILE"}, {"Date & Time": "2021-01-05 17:35:00 UTC", "Type": "AUDIO", "People in Chat": 2, "Result": "Call Succeeded", "City": "bordeaux", "Country": "FR", "Length (sec)": 3, "Network": "MOBILE"}, {"Date & Time": "2021-01-09 22:21:44 UTC", "Type": "AUDIO", "People in Chat": 53, "Result": "Call Succeeded", "City": "la jarne", "Country": "FR", "Length (sec)": 0, "Network": "WIFI"}, {"Date & Time": "2021-01-09 22:16:00 UTC", "Type": "AUDIO", "People in Chat": 50, "Result": "Call Succeeded", "City": "la jarne", "Country": "FR", "Length (sec)": 0, "Network": "WIFI"}, {"Date & Time": "2021-01-09 22:16:31 UTC", "Type": "AUDIO", "People in Chat": 50, "Result": "Call Succeeded", "City": "la jarne", "Country": "FR", "Length (sec)": 0, "Network": "WIFI"}, {"Date & Time": "2021-01-09 22:36:31 UTC", "Type": "AUDIO", "People in Chat": 48, "Result": "Call Succeeded", "City": "la jarne", "Country": "FR", "Length (sec)": 0, "Network": "WIFI"}, {"Date & Time": "2021-01-09 21:48:20 UTC", "Type": "AUDIO", "People in Chat": 53, "Result": "Call Succeeded", "City": "la jarne", "Country": "FR", "Length (sec)": 3, "Network": "WIFI"}, {"Date & Time": "2021-01-09 22:21:28 UTC", "Type": "AUDIO", "People in Chat": 53, "Result": "Call Succeeded", "City": "la jarne", "Country": "FR", "Length (sec)": 0, "Network": "WIFI"}, {"Date & Time": "2021-01-09 22:16:54 UTC", "Type": "AUDIO", "People in Chat": 50, "Result": "Call Succeeded", "City": "la jarne", "Country": "FR", "Length (sec)": 0, "Network": "WIFI"}, {"Date & Time": "2021-01-09 22:18:07 UTC", "Type": "AUDIO", "People in Chat": 50, "Result": "Call Succeeded", "City": "la jarne", "Country": "FR", "Length (sec)": 0, "Network": "WIFI"}, {"Date & Time": "2021-01-09 22:36:39 UTC", "Type": "AUDIO", "People in Chat": 48, "Result": "Call Succeeded", "City": "la jarne", "Country": "FR", "Length (sec)": 0, "Network": "WIFI"}, {"Date & Time": "2021-01-09 22:15:29 UTC", "Type": "AUDIO", "People in Chat": 51, "Result": "Call Succeeded", "City": "la jarne", "Country": "FR", "Length (sec)": 0, "Network": "WIFI"}, {"Date & Time": "2021-01-09 22:19:59 UTC", "Type": "AUDIO", "People in Chat": 50, "Result": "Call Succeeded", "City": "la jarne", "Country": "FR", "Length (sec)": 0, "Network": "WIFI"}, {"Date & Time": "2021-01-09 22:30:00 UTC", "Type": "AUDIO", "People in Chat": 50, "Result": "Call Succeeded", "City": "la jarne", "Country": "FR", "Length (sec)": 0, "Network": "WIFI"}, {"Date & Time": "2021-01-09 22:36:17 UTC", "Type": "AUDIO", "People in Chat": 48, "Result": "Call Succeeded", "City": "la jarne", "Country": "FR", "Length (sec)": 0, "Network": "WIFI"}, {"Date & Time": "2021-01-09 22:18:17 UTC", "Type": "AUDIO", "People in Chat": 50, "Result": "Call Succeeded", "City": "la jarne", "Country": "FR", "Length (sec)": 0, "Network": "WIFI"}, {"Date & Time": "2021-01-09 22:15:09 UTC", "Type": "AUDIO", "People in Chat": 51, "Result": "Call Succeeded", "City": "la jarne", "Country": "FR", "Length (sec)": 0, "Network": "WIFI"}, {"Date & Time": "2021-01-09 22:21:32 UTC", "Type": "AUDIO", "People in Chat": 53, "Result": "Call Succeeded", "City": "la jarne", "Country": "FR", "Length (sec)": 0, "Network": "WIFI"}, {"Date & Time": "2021-01-09 22:23:56 UTC", "Type": "AUDIO", "People in Chat": 53, "Result": "Call Succeeded", "City": "la jarne", "Country": "FR", "Length (sec)": 0, "Network": "WIFI"}, {"Date & Time": "2021-01-09 22:12:45 UTC", "Type": "VIDEO", "People in Chat": 49, "Result": "Call Succeeded", "City": "la jarne", "Country": "FR", "Length (sec)": 0, "Network": "WIFI"}, {"Date & Time": "2021-01-09 22:25:28 UTC", "Type": "AUDIO", "People in Chat": 53, "Result": "Call Succeeded", "City": "la jarne", "Country": "FR", "Length (sec)": 0, "Network": "WIFI"}, {"Date & Time": "2021-01-10 17:32:24 UTC", "Type": "AUDIO", "People in Chat": 37, "Result": "Call Succeeded", "City": "la jarne", "Country": "FR", "Length (sec)": 3, "Network": "WIFI"}, {"Date & Time": "2021-01-10 17:34:24 UTC", "Type": "AUDIO", "People in Chat": 37, "Result": "Call Succeeded", "City": "la jarne", "Country": "FR", "Length (sec)": 0, "Network": "WIFI"}, {"Date & Time": "2021-01-10 17:32:27 UTC", "Type": "AUDIO", "People in Chat": 37, "Result": "Call Failed", "City": "la jarne", "Country": "FR", "Length (sec)": 1, "Network": "WIFI"}, {"Date & Time": "2021-01-10 12:46:31 UTC", "Type": "AUDIO", "People in Chat": 36, "Result": "Call Succeeded", "City": "bordeaux", "Country": "FR", "Length (sec)": 2, "Network": "MOBILE"}, {"Date & Time": "2021-01-12 11:47:18 UTC", "Type": "AUDIO", "People in Chat": 2, "Result": "Call Received", "City": "bordeaux", "Country": "FR", "Length (sec)": 895, "Network": "MOBILE"}, {"Date & Time": "2021-01-17 01:10:11 UTC", "Type": "VIDEO", "People in Chat": 33, "Result": "Call Failed", "City": "la jarne", "Country": "FR", "Length (sec)": 5, "Network": "WIFI"}, {"Date & Time": "2021-01-17 16:10:02 UTC", "Type": "AUDIO", "People in Chat": 2, "Result": "Call Failed", "City": "la jarne", "Country": "FR", "Length (sec)": 5, "Network": "WIFI"}, {"Date & Time": "2021-01-17 16:06:37 UTC", "Type": "AUDIO", "People in Chat": 2, "Result": "Call Failed", "City": "la jarne", "Country": "FR", "Length (sec)": 21, "Network": "WIFI"}, {"Date & Time": "2021-01-17 16:06:10 UTC", "Type": "AUDIO", "People in Chat": 2, "Result": "Call Received", "City": "la jarne", "Country": "FR", "Length (sec)": 27, "Network": "WIFI"}, {"Date & Time": "2021-01-27 12:31:00 UTC", "Type": "AUDIO", "People in Chat": 2, "Result": "Call Succeeded", "City": "bordeaux", "Country": "FR", "Length (sec)": 17, "Network": "MOBILE"}, {"Date & Time": "2021-01-29 21:06:30 UTC", "Type": "AUDIO", "People in Chat": 2, "Result": "Call Received", "City": "la jarne", "Country": "FR", "Length (sec)": 0, "Network": "WIFI"}, {"Date & Time": "2021-01-29 12:44:37 UTC", "Type": "AUDIO", "People in Chat": 2, "Result": "Call Received", "City": "bordeaux", "Country": "FR", "Length (sec)": 70, "Network": "MOBILE"}, {"Date & Time": "2021-01-29 21:06:09 UTC", "Type": "AUDIO", "People in Chat": 2, "Result": "Call Succeeded", "City": "la jarne", "Country": "FR", "Length (sec)": 3, "Network": "WIFI"}, {"Date & Time": "2021-02-04 20:28:09 UTC", "Type": "AUDIO", "People in Chat": 2, "Result": "Call Succeeded", "City": "bordeaux", "Country": "FR", "Length (sec)": 1, "Network": "MOBILE"}, {"Date & Time": "2021-02-06 10:43:30 UTC", "Type": "AUDIO", "People in Chat": 2, "Result": "Call Succeeded", "City": "bordeaux", "Country": "FR", "Length (sec)": 7, "Network": "MOBILE"}, {"Date & Time": "2021-02-06 10:46:31 UTC", "Type": "AUDIO", "People in Chat": 2, "Result": "Call Succeeded", "City": "bordeaux", "Country": "FR", "Length (sec)": 2, "Network": "MOBILE"}, {"Date & Time": "2021-02-07 15:46:11 UTC", "Type": "AUDIO", "People in Chat": 2, "Result": "Call Succeeded", "City": "la jarne", "Country": "FR", "Length (sec)": 12, "Network": "WIFI"}, {"Date & Time": "2021-02-13 09:06:25 UTC", "Type": "AUDIO", "People in Chat": 2, "Result": "Call Succeeded", "City": "bordeaux", "Country": "FR", "Length (sec)": 4, "Network": "MOBILE"}, {"Date & Time": "2021-02-13 09:51:31 UTC", "Type": "AUDIO", "People in Chat": 2, "Result": "Call Succeeded", "City": "bordeaux", "Country": "FR", "Length (sec)": 20, "Network": "MOBILE"}, {"Date & Time": "2021-02-14 22:41:49 UTC", "Type": "AUDIO", "People in Chat": 2, "Result": "Call Succeeded", "City": "la jarne", "Country": "FR", "Length (sec)": 1, "Network": "WIFI"}, {"Date & Time": "2021-02-14 22:07:28 UTC", "Type": "AUDIO", "People in Chat": 2, "Result": "Call Succeeded", "City": "la jarne", "Country": "FR", "Length (sec)": 6, "Network": "WIFI"}, {"Date & Time": "2021-02-15 11:55:15 UTC", "Type": "AUDIO", "People in Chat": 2, "Result": "Call Received", "City": "bordeaux", "Country": "FR", "Length (sec)": 28, "Network": "MOBILE"}, {"Date & Time": "2021-02-15 10:17:09 UTC", "Type": "AUDIO", "People in Chat": 0, "Result": "Call Received", "City": "la jarne", "Country": "FR", "Length (sec)": 303, "Network": "WIFI"}, {"Date & Time": "2021-02-15 13:22:42 UTC", "Type": "AUDIO", "People in Chat": 2, "Result": "Call Received", "City": "la jarne", "Country": "FR", "Length (sec)": 0, "Network": "WIFI"}, {"Date & Time": "2021-02-15 13:22:35 UTC", "Type": "AUDIO", "People in Chat": 2, "Result": "Call Succeeded", "City": "la jarne", "Country": "FR", "Length (sec)": 3, "Network": "WIFI"}, {"Date & Time": "2021-02-15 22:27:28 UTC", "Type": "AUDIO", "People in Chat": 2, "Result": "Call Succeeded", "City": "la jarne", "Country": "FR", "Length (sec)": 5, "Network": "WIFI"}, {"Date & Time": "2021-02-15 12:03:32 UTC", "Type": "AUDIO", "People in Chat": 2, "Result": "Call Succeeded", "City": "bordeaux", "Country": "FR", "Length (sec)": 1, "Network": "MOBILE"}, {"Date & Time": "2021-02-16 14:57:08 UTC", "Type": "AUDIO", "People in Chat": 2, "Result": "Call Succeeded", "City": "bordeaux", "Country": "FR", "Length (sec)": 5, "Network": "MOBILE"}, {"Date & Time": "2021-02-16 14:33:32 UTC", "Type": "AUDIO", "People in Chat": 2, "Result": "Call Succeeded", "City": "bordeaux", "Country": "FR", "Length (sec)": 1, "Network": "MOBILE"}, {"Date & Time": "2021-02-16 14:59:28 UTC", "Type": "AUDIO", "People in Chat": 2, "Result": "Call Succeeded", "City": "bordeaux", "Country": "FR", "Length (sec)": 2, "Network": "MOBILE"}, {"Date & Time": "2021-02-16 15:04:53 UTC", "Type": "AUDIO", "People in Chat": 2, "Result": "Call Succeeded", "City": "bordeaux", "Country": "FR", "Length (sec)": 1, "Network": "MOBILE"}, {"Date & Time": "2021-02-22 11:25:52 UTC", "Type": "AUDIO", "People in Chat": 2, "Result": "Call Succeeded", "City": "bordeaux", "Country": "FR", "Length (sec)": 6, "Network": "MOBILE"}, {"Date & Time": "2021-02-24 13:55:20 UTC", "Type": "AUDIO", "People in Chat": 2, "Result": "Call Succeeded", "City": "la jarne", "Country": "FR", "Length (sec)": 2, "Network": "WIFI"}, {"Date & Time": "2021-02-24 14:53:27 UTC", "Type": "AUDIO", "People in Chat": 2, "Result": "Call Received", "City": "la jarne", "Country": "FR", "Length (sec)": 29, "Network": "WIFI"}], "Completed Calls": [{"Date & Time": "2020-09-12 11:59:47 UTC", "Type": "AUDIO", "People in Chat": 2, "City": "la jarrie", "Country": "FR", "Length (sec)": 121, "Network": "WIFI"}, {"Date & Time": "2020-09-23 12:53:11 UTC", "Type": "AUDIO", "People in Chat": 2, "City": "orange", "Country": "FR", "Length (sec)": 52, "Network": "MOBILE"}, {"Date & Time": "2020-09-25 14:59:01 UTC", "Type": "AUDIO", "People in Chat": 4, "City": "orange", "Country": "FR", "Length (sec)": 4, "Network": "MOBILE"}, {"Date & Time": "2020-10-03 20:27:57 UTC", "Type": "AUDIO", "People in Chat": 3, "City": "orange", "Country": "FR", "Length (sec)": 26, "Network": "MOBILE"}, {"Date & Time": "2020-11-07 18:31:02 UTC", "Type": "AUDIO", "People in Chat": 3, "City": "la jarne", "Country": "FR", "Length (sec)": 7, "Network": "WIFI"}, {"Date & Time": "2020-11-28 12:49:56 UTC", "Type": "AUDIO", "People in Chat": 3, "City": "la jarne", "Country": "FR", "Length (sec)": 354, "Network": "WIFI"}, {"Date & Time": "2020-12-28 23:31:04 UTC", "Type": "AUDIO", "People in Chat": 2, "City": "la jarne", "Country": "FR", "Length (sec)": 4, "Network": "WIFI"}, {"Date & Time": "2020-12-28 23:30:43 UTC", "Type": "AUDIO", "People in Chat": 2, "City": "la jarne", "Country": "FR", "Length (sec)": 3, "Network": "WIFI"}, {"Date & Time": "2021-01-09 22:23:45 UTC", "Type": "AUDIO", "People in Chat": 53, "City": "la jarne", "Country": "FR", "Length (sec)": 120, "Network": "WIFI"}, {"Date & Time": "2021-01-21 19:38:59 UTC", "Type": "AUDIO", "People in Chat": 33, "City": "bordeaux", "Country": "FR", "Length (sec)": 329, "Network": "MOBILE"}, {"Date & Time": "2021-01-27 12:31:37 UTC", "Type": "AUDIO", "People in Chat": 2, "City": "bordeaux", "Country": "FR", "Length (sec)": 36, "Network": "MOBILE"}, {"Date & Time": "2021-02-22 11:26:17 UTC", "Type": "AUDIO", "People in Chat": 2, "City": "bordeaux", "Country": "FR", "Length (sec)": 25, "Network": "MOBILE"}, {"Date & Time": "2020-09-08 10:15:26 UTC", "Type": "AUDIO", "People in Chat": 3, "City": "bordeaux", "Country": "FR", "Length (sec)": 10, "Network": "MOBILE"}, {"Date & Time": "2020-09-26 13:17:28 UTC", "Type": "AUDIO", "People in Chat": 2, "City": "orange", "Country": "FR", "Length (sec)": 37, "Network": "MOBILE"}, {"Date & Time": "2020-10-17 16:54:13 UTC", "Type": "AUDIO", "People in Chat": 5, "City": "bordeaux", "Country": "FR", "Length (sec)": 98, "Network": "MOBILE"}, {"Date & Time": "2020-10-19 13:14:53 UTC", "Type": "AUDIO", "People in Chat": 2, "City": "bordeaux", "Country": "FR", "Length (sec)": 35, "Network": "MOBILE"}, {"Date & Time": "2020-10-19 17:16:02 UTC", "Type": "VIDEO", "People in Chat": 8, "City": "clavette", "Country": "FR", "Length (sec)": 73, "Network": "WIFI"}, {"Date & Time": "2020-12-05 14:17:35 UTC", "Type": "AUDIO", "People in Chat": 2, "City": "bordeaux", "Country": "FR", "Length (sec)": 18, "Network": "MOBILE"}, {"Date & Time": "2020-12-05 19:00:58 UTC", "Type": "AUDIO", "People in Chat": 2, "City": "la jarne", "Country": "FR", "Length (sec)": 40, "Network": "WIFI"}, {"Date & Time": "2020-12-19 21:46:49 UTC", "Type": "AUDIO", "People in Chat": 2, "City": "la jarne", "Country": "FR", "Length (sec)": 7, "Network": "WIFI"}, {"Date & Time": "2020-12-21 16:40:40 UTC", "Type": "AUDIO", "People in Chat": 2, "City": "la jarne", "Country": "FR", "Length (sec)": 12, "Network": "WIFI"}, {"Date & Time": "2020-12-31 23:58:51 UTC", "Type": "VIDEO", "People in Chat": 2, "City": "la jarne", "Country": "FR", "Length (sec)": 227, "Network": "WIFI"}, {"Date & Time": "2020-12-31 23:03:44 UTC", "Type": "AUDIO", "People in Chat": 3, "City": "la jarne", "Country": "FR", "Length (sec)": 87, "Network": "WIFI"}, {"Date & Time": "2020-12-31 23:16:08 UTC", "Type": "AUDIO", "People in Chat": 3, "City": "la jarne", "Country": "FR", "Length (sec)": 16, "Network": "WIFI"}, {"Date & Time": "2020-12-31 23:22:09 UTC", "Type": "AUDIO", "People in Chat": 2, "City": "la jarne", "Country": "FR", "Length (sec)": 90, "Network": "WIFI"}, {"Date & Time": "2020-12-31 21:24:23 UTC", "Type": "AUDIO", "People in Chat": 3, "City": "la jarne", "Country": "FR", "Length (sec)": 101, "Network": "WIFI"}, {"Date & Time": "2021-01-05 17:35:12 UTC", "Type": "AUDIO", "People in Chat": 2, "City": "bordeaux", "Country": "FR", "Length (sec)": 12, "Network": "MOBILE"}, {"Date & Time": "2021-01-09 22:15:22 UTC", "Type": "AUDIO", "People in Chat": 51, "City": "la jarne", "Country": "FR", "Length (sec)": 12, "Network": "WIFI"}, {"Date & Time": "2021-01-09 22:18:00 UTC", "Type": "AUDIO", "People in Chat": 50, "City": "la jarne", "Country": "FR", "Length (sec)": 66, "Network": "WIFI"}, {"Date & Time": "2021-01-09 22:35:29 UTC", "Type": "AUDIO", "People in Chat": 49, "City": "la jarne", "Country": "FR", "Length (sec)": 328, "Network": "WIFI"}, {"Date & Time": "2021-01-09 22:12:47 UTC", "Type": "VIDEO", "People in Chat": 56, "City": "la jarne", "Country": "FR", "Length (sec)": 2, "Network": "WIFI"}, {"Date & Time": "2021-01-09 22:21:19 UTC", "Type": "AUDIO", "People in Chat": 53, "City": "la jarne", "Country": "FR", "Length (sec)": 80, "Network": "WIFI"}, {"Date & Time": "2021-01-09 22:36:57 UTC", "Type": "AUDIO", "People in Chat": 47, "City": "la jarne", "Country": "FR", "Length (sec)": 17, "Network": "WIFI"}, {"Date & Time": "2021-01-09 22:25:20 UTC", "Type": "AUDIO", "People in Chat": 53, "City": "la jarne", "Country": "FR", "Length (sec)": 84, "Network": "WIFI"}, {"Date & Time": "2021-01-09 22:18:13 UTC", "Type": "AUDIO", "People in Chat": 50, "City": "la jarne", "Country": "FR", "Length (sec)": 6, "Network": "WIFI"}, {"Date & Time": "2021-01-09 22:36:21 UTC", "Type": "AUDIO", "People in Chat": 48, "City": "la jarne", "Country": "FR", "Length (sec)": 3, "Network": "WIFI"}, {"Date & Time": "2021-01-09 22:36:32 UTC", "Type": "AUDIO", "People in Chat": 48, "City": "la jarne", "Country": "FR", "Length (sec)": 1, "Network": "WIFI"}, {"Date & Time": "2021-01-09 22:29:53 UTC", "Type": "AUDIO", "People in Chat": 50, "City": "la jarne", "Country": "FR", "Length (sec)": 264, "Network": "WIFI"}, {"Date & Time": "2021-01-09 22:21:32 UTC", "Type": "AUDIO", "People in Chat": 53, "City": "la jarne", "Country": "FR", "Length (sec)": 0, "Network": "WIFI"}, {"Date & Time": "2021-01-09 22:21:30 UTC", "Type": "AUDIO", "People in Chat": 53, "City": "la jarne", "Country": "FR", "Length (sec)": 2, "Network": "WIFI"}, {"Date & Time": "2021-01-09 22:15:44 UTC", "Type": "AUDIO", "People in Chat": 50, "City": "la jarne", "Country": "FR", "Length (sec)": 14, "Network": "WIFI"}, {"Date & Time": "2021-01-09 22:16:27 UTC", "Type": "AUDIO", "People in Chat": 50, "City": "la jarne", "Country": "FR", "Length (sec)": 26, "Network": "WIFI"}, {"Date & Time": "2021-01-09 22:16:33 UTC", "Type": "AUDIO", "People in Chat": 50, "City": "la jarne", "Country": "FR", "Length (sec)": 1, "Network": "WIFI"}, {"Date & Time": "2021-01-09 22:10:09 UTC", "Type": "AUDIO", "People in Chat": 50, "City": "la jarne", "Country": "FR", "Length (sec)": 1309, "Network": "WIFI"}, {"Date & Time": "2021-01-09 22:19:05 UTC", "Type": "AUDIO", "People in Chat": 50, "City": "la jarne", "Country": "FR", "Length (sec)": 47, "Network": "WIFI"}, {"Date & Time": "2021-01-10 17:34:34 UTC", "Type": "AUDIO", "People in Chat": 37, "City": "la jarne", "Country": "FR", "Length (sec)": 10, "Network": "WIFI"}, {"Date & Time": "2021-01-10 12:47:09 UTC", "Type": "AUDIO", "People in Chat": 36, "City": "bordeaux", "Country": "FR", "Length (sec)": 37, "Network": "MOBILE"}, {"Date & Time": "2021-01-10 17:33:05 UTC", "Type": "AUDIO", "People in Chat": 37, "City": "la jarne", "Country": "FR", "Length (sec)": 38, "Network": "WIFI"}, {"Date & Time": "2021-01-12 12:08:49 UTC", "Type": "AUDIO", "People in Chat": 2, "City": "bordeaux", "Country": "FR", "Length (sec)": 24, "Network": "MOBILE"}, {"Date & Time": "2021-01-17 01:10:19 UTC", "Type": "VIDEO", "People in Chat": 33, "City": "la jarne", "Country": "FR", "Length (sec)": 8, "Network": "WIFI"}, {"Date & Time": "2021-01-16 13:13:17 UTC", "Type": "AUDIO", "People in Chat": 3, "City": "bordeaux", "Country": "FR", "Length (sec)": 29, "Network": "MOBILE"}, {"Date & Time": "2021-01-29 21:06:09 UTC", "Type": "AUDIO", "People in Chat": 2, "City": "la jarne", "Country": "FR", "Length (sec)": 0, "Network": "WIFI"}, {"Date & Time": "2021-01-29 21:10:27 UTC", "Type": "AUDIO", "People in Chat": 2, "City": "la jarne", "Country": "FR", "Length (sec)": 112, "Network": "WIFI"}, {"Date & Time": "2021-01-29 21:08:26 UTC", "Type": "AUDIO", "People in Chat": 2, "City": "la jarne", "Country": "FR", "Length (sec)": 92, "Network": "WIFI"}, {"Date & Time": "2021-01-29 21:08:31 UTC", "Type": "VIDEO", "People in Chat": 2, "City": "la jarne", "Country": "FR", "Length (sec)": 0, "Network": "WIFI"}, {"Date & Time": "2021-02-04 20:29:22 UTC", "Type": "AUDIO", "People in Chat": 2, "City": "bordeaux", "Country": "FR", "Length (sec)": 73, "Network": "MOBILE"}, {"Date & Time": "2021-02-06 10:44:34 UTC", "Type": "AUDIO", "People in Chat": 2, "City": "bordeaux", "Country": "FR", "Length (sec)": 64, "Network": "MOBILE"}, {"Date & Time": "2021-02-06 10:46:58 UTC", "Type": "AUDIO", "People in Chat": 2, "City": "bordeaux", "Country": "FR", "Length (sec)": 26, "Network": "MOBILE"}, {"Date & Time": "2021-02-07 15:46:19 UTC", "Type": "AUDIO", "People in Chat": 2, "City": "la jarne", "Country": "FR", "Length (sec)": 7, "Network": "WIFI"}, {"Date & Time": "2021-02-13 09:06:56 UTC", "Type": "AUDIO", "People in Chat": 2, "City": "bordeaux", "Country": "FR", "Length (sec)": 31, "Network": "MOBILE"}, {"Date & Time": "2021-02-14 22:41:17 UTC", "Type": "AUDIO", "People in Chat": 2, "City": "la jarne", "Country": "FR", "Length (sec)": 599, "Network": "WIFI"}, {"Date & Time": "2021-02-14 22:30:29 UTC", "Type": "AUDIO", "People in Chat": 2, "City": "la jarne", "Country": "FR", "Length (sec)": 1380, "Network": "WIFI"}, {"Date & Time": "2021-02-14 22:43:03 UTC", "Type": "AUDIO", "People in Chat": 2, "City": "la jarne", "Country": "FR", "Length (sec)": 73, "Network": "WIFI"}, {"Date & Time": "2021-02-15 22:28:24 UTC", "Type": "AUDIO", "People in Chat": 2, "City": "la jarne", "Country": "FR", "Length (sec)": 55, "Network": "WIFI"}, {"Date & Time": "2021-02-15 13:24:54 UTC", "Type": "AUDIO", "People in Chat": 2, "City": "la jarne", "Country": "FR", "Length (sec)": 104, "Network": "WIFI"}, {"Date & Time": "2021-02-15 12:03:49 UTC", "Type": "AUDIO", "People in Chat": 2, "City": "bordeaux", "Country": "FR", "Length (sec)": 17, "Network": "MOBILE"}, {"Date & Time": "2021-02-16 14:59:55 UTC", "Type": "AUDIO", "People in Chat": 2, "City": "bordeaux", "Country": "FR", "Length (sec)": 26, "Network": "MOBILE"}, {"Date & Time": "2021-02-16 14:36:00 UTC", "Type": "AUDIO", "People in Chat": 2, "City": "bordeaux", "Country": "FR", "Length (sec)": 147, "Network": "MOBILE"}, {"Date & Time": "2021-02-16 14:58:46 UTC", "Type": "AUDIO", "People in Chat": 2, "City": "bordeaux", "Country": "FR", "Length (sec)": 97, "Network": "MOBILE"}, {"Date & Time": "2021-02-16 15:05:32 UTC", "Type": "AUDIO", "People in Chat": 2, "City": "bordeaux", "Country": "FR", "Length (sec)": 39, "Network": "MOBILE"}, {"Date & Time": "2021-02-24 13:55:42 UTC", "Type": "AUDIO", "People in Chat": 2, "City": "la jarne", "Country": "FR", "Length (sec)": 21, "Network": "WIFI"}], "Chat Sessions": [{"Date & Time": "2020-09-04 14:34:01 UTC", "People in Chat": 0, "People available": 1, "City": "orange", "Country": "FR", "Length (sec)": 1, "Network": "MOBILE"}, {"Date & Time": "2020-09-11 13:58:47 UTC", "People in Chat": 0, "People available": 1, "City": "bordeaux", "Country": "FR", "Length (sec)": 1, "Network": "MOBILE"}, {"Date & Time": "2020-09-17 14:53:16 UTC", "People in Chat": 0, "People available": 1, "City": "bordeaux", "Country": "FR", "Length (sec)": 2, "Network": "MOBILE"}, {"Date & Time": "2020-10-28 10:35:05 UTC", "People in Chat": 0, "People available": 1, "City": "clavette", "Country": "FR", "Length (sec)": 0, "Network": "WIFI"}, {"Date & Time": "2020-10-29 18:30:58 UTC", "People in Chat": 0, "People available": 1, "City": "clavette", "Country": "FR", "Length (sec)": 0, "Network": "WIFI"}, {"Date & Time": "2020-11-08 16:42:00 UTC", "People in Chat": 0, "People available": 1, "City": "bordeaux", "Country": "FR", "Length (sec)": 2, "Network": "MOBILE"}, {"Date & Time": "2020-11-09 17:50:05 UTC", "People in Chat": 0, "People available": 1, "City": "bordeaux", "Country": "FR", "Length (sec)": 1, "Network": "MOBILE"}, {"Date & Time": "2020-11-09 12:36:17 UTC", "People in Chat": 0, "People available": 1, "City": "bordeaux", "Country": "FR", "Length (sec)": 5, "Network": "MOBILE"}, {"Date & Time": "2020-11-25 20:51:51 UTC", "People in Chat": 0, "People available": 1, "City": "la jarne", "Country": "FR", "Length (sec)": 1, "Network": "WIFI"}, {"Date & Time": "2020-12-14 17:56:58 UTC", "People in Chat": 0, "People available": 1, "City": "bordeaux", "Country": "FR", "Length (sec)": 1, "Network": "MOBILE"}, {"Date & Time": "2020-12-14 17:56:58 UTC", "People in Chat": 0, "People available": 1, "City": "bordeaux", "Country": "FR", "Length (sec)": 0, "Network": "MOBILE"}, {"Date & Time": "2020-12-14 12:47:16 UTC", "People in Chat": 0, "People available": 1, "City": "bordeaux", "Country": "FR", "Length (sec)": 1, "Network": "MOBILE"}, {"Date & Time": "2020-12-14 18:01:02 UTC", "People in Chat": 0, "People available": 1, "City": "bordeaux", "Country": "FR", "Length (sec)": 5, "Network": "MOBILE"}, {"Date & Time": "2020-12-14 18:01:02 UTC", "People in Chat": 0, "People available": 1, "City": "bordeaux", "Country": "FR", "Length (sec)": 3, "Network": "MOBILE"}, {"Date & Time": "2020-12-14 12:36:16 UTC", "People in Chat": 0, "People available": 1, "City": "bordeaux", "Country": "FR", "Length (sec)": 6, "Network": "MOBILE"}, {"Date & Time": "2020-12-14 12:42:26 UTC", "People in Chat": 0, "People available": 1, "City": "bordeaux", "Country": "FR", "Length (sec)": 4, "Network": "MOBILE"}, {"Date & Time": "2020-12-14 12:36:16 UTC", "People in Chat": 0, "People available": 1, "City": "bordeaux", "Country": "FR", "Length (sec)": 4, "Network": "MOBILE"}, {"Date & Time": "2020-12-16 21:19:52 UTC", "People in Chat": 0, "People available": 1, "City": "la jarne", "Country": "FR", "Length (sec)": 0, "Network": "WIFI"}, {"Date & Time": "2020-12-20 23:15:18 UTC", "People in Chat": 0, "People available": 3, "City": "la jarne", "Country": "FR", "Length (sec)": 0, "Network": "WIFI"}, {"Date & Time": "2020-09-24 18:28:22 UTC", "People in Chat": 0, "People available": 1, "City": "orange", "Country": "FR", "Length (sec)": 1, "Network": "MOBILE"}, {"Date & Time": "2020-10-10 13:33:01 UTC", "People in Chat": 0, "People available": 1, "City": "bordeaux", "Country": "FR", "Length (sec)": 1, "Network": "MOBILE"}, {"Date & Time": "2020-10-11 14:20:43 UTC", "People in Chat": 0, "People available": 2, "City": "royan", "Country": "FR", "Length (sec)": 1, "Network": "WIFI"}, {"Date & Time": "2020-10-18 10:37:02 UTC", "People in Chat": 0, "People available": 1, "City": "clavette", "Country": "FR", "Length (sec)": 1, "Network": "WIFI"}, {"Date & Time": "2020-10-20 21:49:12 UTC", "People in Chat": 0, "People available": 1, "City": "clavette", "Country": "FR", "Length (sec)": 1, "Network": "WIFI"}, {"Date & Time": "2020-11-11 09:08:29 UTC", "People in Chat": 0, "People available": 1, "City": "la jarne", "Country": "FR", "Length (sec)": 0, "Network": "WIFI"}, {"Date & Time": "2020-11-13 18:02:12 UTC", "People in Chat": 0, "People available": 1, "City": "la jarne", "Country": "FR", "Length (sec)": 1, "Network": "WIFI"}, {"Date & Time": "2020-12-16 09:16:55 UTC", "People in Chat": 0, "People available": 1, "City": "bordeaux", "Country": "FR", "Length (sec)": 3, "Network": "MOBILE"}, {"Date & Time": "2020-12-16 09:20:00 UTC", "People in Chat": 0, "People available": 1, "City": "bordeaux", "Country": "FR", "Length (sec)": 6, "Network": "MOBILE"}, {"Date & Time": "2020-12-16 21:19:52 UTC", "People in Chat": 0, "People available": 1, "City": "la jarne", "Country": "FR", "Length (sec)": 1, "Network": "WIFI"}, {"Date & Time": "2020-12-17 19:32:41 UTC", "People in Chat": 0, "People available": 1, "City": "bordeaux", "Country": "FR", "Length (sec)": 6, "Network": "MOBILE"}, {"Date & Time": "2020-12-18 16:35:51 UTC", "People in Chat": 0, "People available": 1, "City": "la jarne", "Country": "FR", "Length (sec)": 0, "Network": "WIFI"}, {"Date & Time": "2020-12-18 17:56:27 UTC", "People in Chat": 0, "People available": 3, "City": "la jarne", "Country": "FR", "Length (sec)": 7, "Network": "WIFI"}, {"Date & Time": "2020-12-22 16:45:44 UTC", "People in Chat": 0, "People available": 1, "City": "bordeaux", "Country": "FR", "Length (sec)": 3, "Network": "MOBILE"}, {"Date & Time": "2020-12-23 10:02:31 UTC", "People in Chat": 0, "People available": 1, "City": "la jarne", "Country": "FR", "Length (sec)": 3, "Network": "WIFI"}, {"Date & Time": "2020-12-24 20:35:46 UTC", "People in Chat": 0, "People available": 1, "City": "bordeaux", "Country": "FR", "Length (sec)": 0, "Network": "MOBILE"}], "Game Sessions": [{"Date & Time": "2021-02-02 15:01:52 UTC", "People in Chat": 2, "People available": 1, "City": "bordeaux", "Country": "FR", "Length (sec)": 5, "Network": "MOBILE"}]}