{"Snap Inc. Terms of Service": [{"Version": "Snap Privacy Policy & Terms of Service - September 26, 2017", "Acceptance Date": "2020-01-24 14:20:18 UTC"}, {"Version": "Snap Terms of Service - February 18, 2019", "Acceptance Date": "2020-01-24 14:20:18 UTC"}, {"Version": "Memories Terms of Service", "Acceptance Date": "2020-01-24 14:22:23 UTC"}, {"Version": "Snap Privacy Policy & Terms of Service - September 30, 2019", "Acceptance Date": "2020-01-24 14:20:18 UTC"}], "Custom Creative Tools Terms": [], "Business Services Terms": [], "Games Terms": [{"Name": "Color Galaxy Privacy Policy & Terms of Service", "Acceptance Date": "2021-02-02 15:01:50 UTC"}]}