{"App Profile": {"Country": "FR", "Creation Time": "2020-01-24 14:20:18 UTC", "Account Creation Country": "FR", "Platform Version": "IOS", "In-app Language": "fr"}, "Demographics": {"Cohort Age": "AGE_13_TO_17", "Derived Ad Demographic": "MALE"}, "Subscriptions": [], "Engagement": [{"Event": "Geolens Swipes", "Occurrences": 1}, {"Event": "Direct Snaps Created", "Occurrences": 622}, {"Event": "Chats Sent", "Occurrences": 2403}, {"Event": "Discover Snap Views", "Occurrences": 1}, {"Event": "Snap Sends", "Occurrences": 529}, {"Event": "Snaps Posted to Story", "Occurrences": 4}, {"Event": "Discover Editions Viewed", "Occurrences": 1}, {"Event": "Story Ads Viewed", "Occurrences": 113}, {"Event": "Application Opens", "Occurrences": 3270}, {"Event": "Story Views", "Occurrences": 1}, {"Event": "Snaps Viewed in a Story", "Occurrences": 1383}, {"Event": "Geofilter Story Snaps Viewed", "Occurrences": 317}, {"Event": "Chats Viewed", "Occurrences": 3396}, {"Event": "Direct Snaps Viewed", "Occurrences": 661}, {"Event": "Snap Views", "Occurrences": 1425}, {"Event": "Geofilter Swipes", "Occurrences": 8}, {"Event": "Geofilter Snap Sends", "Occurrences": 2}], "Discover Channels Viewed": [{"Channel Name": "Best of Royale"}], "Breakdown of Time Spent on App": ["Camera: 5.91%", "Discover: 0.58%", "Map: 0.38%", "Memories: 0.03%", "Messaging: 13.87%", "Others: 78.96%", "Profile: 0.26%"], "Ads You Interacted With": [{"Advertiser Name": "8SEC", "Date": "2020-03-13"}, {"Advertiser Name": "Starz Entertainment LLC", "Date": "2020-04-16"}], "Interest Categories": ["Pizza Lovers", "Collegiates", "Soul & R&B Fans", "Political News Watchers", "Yoga Enthusiasts", "Techies & Gadget Fans", "Clubbers & Party People", "American Football Fans", "Frequent International Travelers", "Frequent Travelers", "Energy Drink Consumers", "Discount & Thrifty Shoppers", "Arts & Culture Mavens", "Business News Watchers", "Luxury Shoppers", "Comedy Fans", "Indie & Foreign Film Fans", "Olympics Enthusiasts", "Crime & Mystery Genre Fans", "Department Store Shoppers", "Film & TV Fans", "Beauty Mavens", "Concert & Festival Goers", "Family Travelers", "Foodies", "Baseball Fans", "Cooking Enthusiasts", "Adventure Seekers", "Basketball Fans", "Fitness Enthusiasts", "Talk Show Fans", "Theme Park Visitors", "Automotive Enthusiasts", "Bookworms & Avid Readers", "Teen & Young Adult Genre Fans", "Sci-fi & Fantasy Fans", "High Schoolers", "Fight & Wrestling Fans", "Family Genre Fans", "Talent & Competition Show Fans", "Photographers", "Do-It-Yourselfers", "Coffee Lovers", "Burger Lovers", "Big Box Shoppers", "Cordcutters", "Wellness & Healthy Lifestyle", "Online Shoppers", "Pop Music Fans", "Shoppers", "Console & PC Gamers", "Motor Sports Fans", "Gamers", "Movie Theater Goers", "College Football Fans", "Sports Fans", "Oral Care Shoppers", "Trivia Gamers", "College Basketball Fans", "Comics & Animation Fans", "Chat Fiction Enthusiasts", "Soft Drink Consumers", "Horror Genre Fans", "Cricket Fans", "Superhero Film Fans", "Women's Lifestyle", "Action & Thriller Genre Fans", "Automotive Shoppers", "Pet & Animal Lovers", "Candy & Sweets Lovers", "Shopping Mall Shoppers", "Meme Watchers", "Cosmetics Shoppers", "Puzzle Gamers", "Home Decoristas", "Toy Shoppers", "Casual & Mobile Gamers", "Water Sport Enthusiasts", "Street Sport Enthusiasts", "Sharp-Dressed Men", "eSports Enthusiasts", "Latin Music Fans", "Fun Trivia & Quiz Fanatics", "Sneakerheads", "Travel Enthusiasts", "Snow Sport Enthusiasts", "Men's Fashion Shoppers", "Golfers", "Outdoor & Nature Enthusiasts", "Men's Lifestyle", "Math & Science Enthusiasts", "Hip-Hop Music Fans", "News Watchers", "Jewelry & Watch Shoppers", "Beachgoers & Surfers", "Soccer Enthusiasts", "Music Fans", "Frequent Domestic Travelers", "Money Minders", "Fast Food Junkies", "Advocates & Activists", "Drama Genre Fans", "Battle Combat & FPS Gamers", "Dance & Electronic Music Fans", "Reality TV Fans", "Romance & Rom-Com Fans"], "Geographic Information": [], "Interactions": {"Web Interactions": ["nike.com", "virginmobile.ca", "sc-cdn.net", "samsung.com", "iherb.com", "figurants.com", "undiz.com", "redbubble.com", "google.com", "vans.fr", "90min.com", "footlocker.fr", "banggood.com", "darty.com", "empire-beaute.com", "converse.com", "disturbia.co.uk", "fitness-superhumain.fr", "micromania.fr", "ysl.com", "purepeople.com", "jdsports.fr", "societegenerale.fr", "justfab.fr", "stockx.com", "prixtel.com", "boohoo.com", "parisflavor.net", "boulanger.com", "pandora.net", "laboutiqueofficielle.com", "jbl.com", "marmiton.org", "groupon.fr", "wethenew.com", "konbini.com", "philips.fr", "volcom.fr", "ohmymag.com", "vybecard.com", "accor.com", "desenio.fr", "sarenza.com", "jardiland.com", "ornikar.com", "maxisciences.com", "mondialrelay.fr", "tommy.com", "booking.com", "spotify.com", "carrefour.fr", "ef.fr", "laredoute.fr", "courir.com", "lahalle.com", "weareknitters.fr", "cefam.fr", "certideal.com", "showroomprive.com", "sfr.fr", "hm.com", "allocine.fr", "jeuxvideo.com", "lacoste.com", "yves-rocher.fr", "fisher-price.com", "letour.fr", "rmcsport.tv", "fashionnova.com", "galerieslafayette.com", "lepermislibre.fr", "betterme-mealplan.com", "instant-gaming.com", "fitpowerforce.com", "vice.com", "giphy.com", "gentside.com", "fuzeforge.com", "lefigaro.fr", "bose.fr", "shein.com", "plutoxbabyplutoshop.com", "wonderbox.fr", "allianz.fr", "bouyguestelecom.fr", "asos.com", "tf1.fr", "ulta.com", "bershka.com", "2k.com", "sephora.fr", "deezer.com", "adidas.fr", "pullandbear.com", "fnac.com", "yoox.com", "ttdeye.com", "jennyfer.com", "macsf.fr", "optimalprint.fr", "sleakersoff.com", "fossil.com", "etam.com", "romwe.com", "lnk.to", "theragun.com", "voici.fr", "vocal.media", "refinery29.com", "culture.leclerc", "apoloaudio.com", "babbel.com", "lafoirfouille.fr", "quitoque.fr"], "App Interactions": ["https://itunes.apple.com/us/app/id382617920", "https://itunes.apple.com/us/app/id1424533120", "https://itunes.apple.com/us/app/id324684580", "https://itunes.apple.com/us/app/id561941526", "https://itunes.apple.com/us/app/id1225683141", "https://itunes.apple.com/us/app/id570060128", "https://itunes.apple.com/us/app/id1466747463", "https://itunes.apple.com/us/app/id1039841501", "https://itunes.apple.com/us/app/id1202240058", "https://itunes.apple.com/us/app/id1491764681", "https://itunes.apple.com/us/app/id1095459556", "https://itunes.apple.com/us/app/id340390698", "https://itunes.apple.com/us/app/id835599320", "https://itunes.apple.com/us/app/id1504499700", "https://itunes.apple.com/us/app/id1517783697", "https://itunes.apple.com/us/app/id329913454", "https://itunes.apple.com/us/app/id943690848", "https://itunes.apple.com/us/app/id1495369374", "https://itunes.apple.com/us/app/id336353151", "https://itunes.apple.com/us/app/id1475440231", "https://itunes.apple.com/us/app/id1053012308", "https://itunes.apple.com/us/app/id1477841973", "https://itunes.apple.com/us/app/id1498600625", "https://itunes.apple.com/us/app/id985746746", "https://itunes.apple.com/us/app/id324887734", "https://itunes.apple.com/us/app/id426826309", "https://itunes.apple.com/us/app/id751363884", "https://itunes.apple.com/us/app/id985615352", "https://itunes.apple.com/us/app/id1485268556", "https://itunes.apple.com/us/app/id1523461345", "https://itunes.apple.com/us/app/id1504657826", "https://itunes.apple.com/us/app/id1478151800", "https://itunes.apple.com/us/app/id1453651052", "https://itunes.apple.com/us/app/id543186831", "https://itunes.apple.com/us/app/id1484524707", "https://itunes.apple.com/us/app/id292738169", "https://itunes.apple.com/us/app/id1477636326", "https://itunes.apple.com/us/app/id1386727308", "https://itunes.apple.com/us/app/id460177396", "https://itunes.apple.com/us/app/id951627425"]}, "Mobile Ad Id": "5c20d422-220a-4fe0-8e66-0ccd00f9169e"}